시도,시군구,유형,읍면동명,도서지역여부
서울,강남구,보건소,삼성동,N
서울,강동구,보건소,성내동,N
서울,강동구,일반보건지소,강일동,N
서울,강북구,보건소,번동,N
서울,강서구,보건소,염창동,N
서울,관악구,보건소,봉천동,N
서울,관악구,일반보건지소,봉천동,N
서울,광진구,보건소,자양동,N
서울,광진구,일반보건지소,자양동,N
서울,광진구,일반보건지소,중곡동,N
서울,구로구,보건소,구로동,N
서울,구로구,일반보건지소,구로동,N
서울,구로구,일반보건지소,오류동,N
서울,금천구,보건소,시흥동,N
서울,노원구,보건소,상계동,N
서울,노원구,일반보건지소,공릉동,N
서울,노원구,일반보건지소,상계동,N
서울,노원구,일반보건지소,월계동,N
서울,도봉구,보건소,쌍문동,N
서울,도봉구,일반보건지소,창동,N
서울,동대문구,보건소,용두동,N
서울,동작구,보건소,상도동,N
서울,마포구,보건소,성산동,N
서울,마포구,일반보건지소,아현동,N
서울,서대문구,보건소,연희동,N
서울,서대문구,일반보건지소,북가좌동,N
서울,서초구,보건소,서초동,N
서울,서초구,일반보건지소,서초동,N
서울,서초구,일반보건지소,방배동,N
서울,성동구,보건소,홍익동,N
서울,성동구,일반보건지소,성수동1가,N
서울,성북구,보건소,하월곡동,N
서울,성북구,일반보건지소,동소문동6가,N
서울,송파구,보건소,신천동,N
서울,송파구,일반보건지소,거여동,N
서울,양천구,보건소,신정동,N
서울,양천구,일반보건지소,목동,N
서울,양천구,일반보건지소,신월동,N
서울,영등포구,보건소,당산동3가,N
서울,용산구,보건소,이태원동,N
서울,은평구,보건소,녹번동,N
서울,은평구,일반보건지소,구산동,N
서울,은평구,일반보건지소,응암동,N
서울,종로구,보건소,옥인동,N
서울,중구,보건소,무학동,N
서울,중구,일반보건지소,신당동,N
서울,중구,일반보건지소,신당동,N
서울,중구,일반보건지소,황학동,N
서울,중랑구,보건소,신내동,N
서울,중랑구,일반보건지소,상봉동,N
부산,강서구,보건소,대저2동,N
부산,강서구,일반보건지소,성북동,Y
부산,강서구,일반보건지소,죽림동,N
부산,강서구,일반보건지소,강동동,N
부산,강서구,일반보건지소,녹산동,N
부산,강서구,보건진료소,대항동,Y
부산,강서구,보건진료소,지사동,N
부산,강서구,보건진료소,천성동,Y
부산,금정구,보건소,부곡동,N
부산,금정구,건강생활지원센터,서동,N
부산,기장군,보건소,기장읍,N
부산,기장군,보건진료소,철마면,N
부산,기장군,보건진료소,장안읍,N
부산,기장군,일반보건지소,장안읍,N
부산,기장군,일반보건지소,정관읍,N
부산,기장군,일반보건지소,철마면,N
부산,남구,보건소,대연동,N
부산,동구,보건소,수정동,N
부산,동래구,보건소,명륜동,N
부산,동래구,건강생활지원센터,명장동,N
부산,부산진구,보건소,범천동,N
부산,부산진구,건강생활지원센터,당감동,N
부산,북구,보건소,화명동,N
부산,북구,일반보건지소,덕천동,N
부산,사상구,보건소,감전동,N
부산,사하구,보건소,신평동,N
부산,서구,보건소,부용동2가,N
부산,수영구,보건소,광안동,N
부산,연제구,보건소,연산동,N
부산,영도구,보건소,청학동,N
부산,중구,보건소,대청동1가,N
부산,해운대구,보건소,좌동,N
부산,해운대구,일반보건지소,반송동,N
부산,해운대구,일반보건지소,재송동,N
대구,남구,보건소,대명동,N
대구,달서구,보건소,월성동,N
대구,달서구,일반보건지소,이곡동,N
대구,달성군,보건소,현풍읍,N
대구,달성군,일반보건지소,가창면,N
대구,달성군,보건진료소,구지면,N
대구,달성군,일반보건지소,구지면,N
대구,달성군,일반보건지소,논공읍,N
대구,달성군,일반보건지소,다사읍,N
대구,달성군,보건진료소,구지면,N
대구,달성군,보건진료소,하빈면,N
대구,달성군,보건진료소,옥포읍,N
대구,달성군,보건진료소,하빈면,N
대구,달성군,일반보건지소,옥포읍,N
대구,달성군,일반보건지소,유가읍,N
대구,달성군,보건진료소,유가읍,N
대구,달성군,보건진료소,구지면,N
대구,달성군,일반보건지소,하빈면,N
대구,달성군,보건진료소,유가읍,N
대구,달성군,일반보건지소,화원읍,N
대구,동구,보건소,검사동,N
대구,북구,보건소,침산동,N
대구,북구,일반보건지소,동천동,N
대구,북구,건강생활지원센터,구암동,N
대구,서구,보건소,평리동,N
대구,서구,건강생활지원센터,내당동,N
대구,수성구,보건소,중동,N
대구,수성구,건강생활지원센터,신매동,N
대구,중구,보건소,태평로3가,N
인천,강화군,보건소,강화읍,N
인천,강화군,보건진료소,양도면,N
인천,강화군,일반보건지소,교동면,N
인천,강화군,일반보건지소,길상면,N
인천,강화군,보건진료소,교동면,N
인천,강화군,일반보건지소,내가면,N
인천,강화군,보건진료소,삼산면,Y
인천,강화군,일반보건지소,서도면,Y
인천,강화군,일반보건지소,불은면,N
인천,강화군,일반보건지소,삼산면,Y
인천,강화군,보건진료소,교동면,N
인천,강화군,보건진료소,교동면,N
인천,강화군,보건진료소,삼산면,Y
인천,강화군,일반보건지소,선원면,N
인천,강화군,일반보건지소,송해면,N
인천,강화군,보건진료소,하점면,N
인천,강화군,일반보건지소,양도면,N
인천,강화군,일반보건지소,양사면,N
인천,강화군,보건진료소,선원면,N
인천,강화군,보건진료소,불은면,N
인천,강화군,보건진료소,양사면,N
인천,강화군,일반보건지소,서도면,Y
인천,강화군,보건진료소,삼산면,Y
인천,강화군,일반보건지소,하점면,N
인천,강화군,일반보건지소,화도면,N
인천,강화군,보건진료소,내가면,N
인천,강화군,보건진료소,화도면,N
인천,계양구,보건소,계산동,N
인천,계양구,일반보건지소,장기동,N
인천,계양구,건강생활지원센터,효성동,N
인천,남동구,보건소,만수동,N
인천,남동구,일반보건지소,간석동,N
인천,동구,보건소,만석동,N
인천,미추홀구,보건소,도화동,N
인천,미추홀구,일반보건지소,숭의동,N
인천,부평구,보건소,부평동,N
인천,부평구,건강생활지원센터,십정동,N
인천,부평구,일반보건지소,청천동,N
인천,서구,보건소,심곡동,N
인천,서구,건강생활지원센터,가좌동,N
인천,서구,건강생활지원센터,당하동,N
인천,서구,건강생활지원센터,석남동,N
인천,서구,건강생활지원센터,금곡동,N
인천,연수구,보건소,청학동,N
인천,연수구,건강생활지원센터,송도동,N
인천,옹진군,보건소,용현동,N
인천,옹진군,일반보건지소,대청면,Y
인천,옹진군,일반보건지소,덕적면,Y
인천,옹진군,보건진료소,덕적면,Y
인천,옹진군,일반보건지소,백령면,Y
인천,옹진군,보건진료소,덕적면,Y
인천,옹진군,일반보건지소,북도면,Y
인천,옹진군,보건진료소,덕적면,Y
인천,옹진군,보건진료소,영흥면,N
인천,옹진군,보건진료소,덕적면,Y
인천,옹진군,보건진료소,연평면,Y
인천,옹진군,보건진료소,자월면,Y
인천,옹진군,보건진료소,대청면,Y
인천,옹진군,보건진료소,자월면,Y
인천,옹진군,일반보건지소,연평면,Y
인천,옹진군,일반보건지소,영흥면,N
인천,옹진군,보건진료소,덕적면,Y
인천,옹진군,보건진료소,자월면,Y
인천,옹진군,일반보건지소,자월면,Y
인천,옹진군,일반보건지소,북도면,Y
인천,중구,보건소,전동,N
인천,중구,보건진료소,무의동,Y
인천,중구,일반보건지소,운남동,N
인천,중구,일반보건지소,남북동,N
광주,광산구,보건소,송정동,N
광주,광산구,보건진료소,광산동,N
광주,광산구,보건진료소,동호동,N
광주,광산구,보건진료소,명화동,N
광주,광산구,보건진료소,산수동,N
광주,광산구,건강생활지원센터,수완동,N
광주,광산구,보건진료소,신동,N
광주,광산구,보건진료소,신룡동,N
광주,광산구,보건진료소,양동,N
광주,광산구,건강생활지원센터,우산동,N
광주,남구,보건소,주월동,N
광주,남구,보건진료소,구소동,N
광주,남구,건강생활지원센터,월산동,N
광주,남구,건강생활지원센터,주월동,N
광주,남구,보건진료소,화장동,N
광주,동구,보건소,서석동,N
광주,북구,보건소,중흥동,N
광주,북구,일반보건지소,두암동,N
광주,북구,건강생활지원센터,본촌동,N
광주,서구,보건소,농성동,N
광주,서구,일반보건지소,쌍촌동,N
광주,서구,보건진료소,세하동,N
광주,서구,건강생활지원센터,쌍촌동,N
대전,대덕구,보건소,석봉동,N
대전,대덕구,보건진료소,장동,N
대전,동구,보건소,가오동,N
대전,동구,일반보건지소,삼성동,N
대전,동구,보건진료소,세천동,N
대전,서구,보건소,만년동,N
대전,서구,일반보건지소,관저동,N
대전,서구,일반보건지소,흑석동,N
대전,서구,보건진료소,우명동,N
대전,유성구,보건소,장대동,N
대전,유성구,보건진료소,구룡동,N
대전,유성구,일반보건지소,봉산동,N
대전,유성구,보건진료소,대동,N
대전,유성구,보건진료소,세동,N
대전,유성구,보건진료소,외삼동,N
대전,유성구,일반보건지소,원내동,N
대전,중구,보건소,문화동,N
대전,중구,보건진료소,정생동,N
대전,중구,일반보건지소,대흥동,N
울산,남구,보건소,삼산동,N
울산,남구,건강생활지원센터,무거동,N
울산,남구,일반보건지소,장생포동,N
울산,동구,보건소,화정동,N
울산,북구,보건소,연암동,N
울산,북구,보건진료소,신명동,N
울산,북구,보건진료소,어물동,N
울산,울주군,보건소,삼남면,N
울산,울주군,보건진료소,웅촌면,N
울산,울주군,보건진료소,두서면,N
울산,울주군,통합보건지소,온양읍,N
울산,울주군,일반보건지소,두동면,N
울산,울주군,일반보건지소,두서면,N
울산,울주군,일반보건지소,범서읍,N
울산,울주군,보건진료소,두동면,N
울산,울주군,일반보건지소,삼동면,N
울산,울주군,보건진료소,삼동면,N
울산,울주군,일반보건지소,서생면,N
울산,울주군,보건진료소,상북면,N
울산,울주군,보건진료소,온양읍,N
울산,울주군,일반보건지소,웅촌면,N
울산,울주군,보건진료소,서생면,N
울산,울주군,보건진료소,범서읍,N
울산,울주군,보건진료소,서생면,N
울산,중구,보건소,남외동,N
세종,세종특별자치시,보건소,조치원읍,N
세종,세종특별자치시,일반보건지소,금남면,N
세종,세종특별자치시,일반보건지소,새롬동,N
세종,세종특별자치시,일반보건지소,부강면,N
세종,세종특별자치시,일반보건지소,소정면,N
세종,세종특별자치시,보건진료소,전동면,N
세종,세종특별자치시,보건진료소,장군면,N
세종,세종특별자치시,보건진료소,연서면,N
세종,세종특별자치시,보건진료소,전의면,N
세종,세종특별자치시,일반보건지소,연기면,N
세종,세종특별자치시,일반보건지소,연동면,N
세종,세종특별자치시,일반보건지소,연서면,N
세종,세종특별자치시,보건진료소,연서면,N
세종,세종특별자치시,보건진료소,연동면,N
세종,세종특별자치시,일반보건지소,장군면,N
세종,세종특별자치시,일반보건지소,전동면,N
세종,세종특별자치시,일반보건지소,전의면,N
세종,세종특별자치시,보건진료소,금남면,N
경기,가평군,보건소,가평읍,N
경기,가평군,보건진료소,가평읍,N
경기,가평군,보건진료소,북면,N
경기,가평군,보건진료소,설악면,N
경기,가평군,보건진료소,설악면,N
경기,가평군,보건진료소,북면,N
경기,가평군,일반보건지소,북면,N
경기,가평군,보건진료소,가평읍,N
경기,가평군,보건진료소,청평면,N
경기,가평군,일반보건지소,상면,N
경기,가평군,보건진료소,청평면,N
경기,가평군,보건진료소,설악면,N
경기,가평군,일반보건지소,설악면,N
경기,가평군,보건진료소,하면,N
경기,가평군,보건진료소,설악면,N
경기,가평군,보건진료소,상면,N
경기,가평군,보건진료소,상면,N
경기,가평군,일반보건지소,하면,N
경기,가평군,일반보건지소,청평면,N
경기,가평군,보건진료소,상면,N
경기,가평군,보건진료소,북면,N
경기,고양시,보건소,주교동,N
경기,고양시,건강생활지원센터,고양동,N
경기,고양시,보건소,마두동,N
경기,고양시,보건소,일산동,N
경기,과천시,보건소,중앙동,N
경기,광명시,보건소,하안동,N
경기,광명시,건강생활지원센터,광명동,N
경기,광주시,보건소,경안동,N
경기,광주시,보건진료소,남종면,N
경기,광주시,보건진료소,퇴촌면,N
경기,광주시,보건진료소,오포읍,N
경기,광주시,일반보건지소,도척면,N
경기,광주시,보건진료소,곤지암읍,N
경기,광주시,보건진료소,초월읍,N
경기,광주시,보건진료소,남종면,N
경기,광주시,보건진료소,중부면,N
경기,광주시,보건진료소,도척면,N
경기,광주시,보건진료소,초월읍,N
경기,광주시,보건진료소,곤지암읍,N
경기,광주시,건강생활지원센터,오포읍,N
경기,광주시,보건진료소,도척면,N
경기,광주시,일반보건지소,초월읍,N
경기,광주시,보건진료소,태전동,N
경기,광주시,통합보건지소,퇴촌면,N
경기,구리시,보건소,인창동,N
경기,구리시,일반보건지소,갈매동,N
경기,구리시,일반보건지소,수택동,N
경기,군포시,보건소,부곡동,N
경기,군포시,일반보건지소,산본동,N
경기,김포시,보건소,사우동,N
경기,김포시,보건진료소,월곶면,N
경기,김포시,일반보건지소,고촌읍,N
경기,김포시,일반보건지소,대곶면,N
경기,김포시,보건진료소,대곶면,N
경기,김포시,보건진료소,하성면,N
경기,김포시,보건진료소,하성면,N
경기,김포시,보건진료소,월곶면,N
경기,김포시,보건진료소,대곶면,N
경기,김포시,일반보건지소,양촌읍,N
경기,김포시,일반보건지소,월곶면,N
경기,김포시,일반보건지소,통진읍,N
경기,김포시,일반보건지소,하성면,N
경기,김포시,보건진료소,양촌읍,N
경기,남양주시,보건소,금곡동,N
경기,남양주시,건강생활지원센터,다산동,N
경기,남양주시,일반보건지소,화도읍,N
경기,남양주시,일반보건지소,수동면,N
경기,남양주시,보건진료소,조안면,N
경기,남양주시,건강생활지원센터,와부읍,N
경기,남양주시,일반보건지소,조안면,N
경기,남양주시,일반보건지소,진건읍,N
경기,남양주시,일반보건지소,퇴계원읍,N
경기,남양주시,건강생활지원센터,호평동,N
경기,남양주시,건강생활지원센터,화도읍,N
경기,남양주시,보건소,진접읍,N
경기,남양주시,건강생활지원센터,별내동,N
경기,남양주시,건강생활지원센터,오남읍,N
경기,남양주시,보건진료소,오남읍,N
경기,남양주시,보건진료소,별내면,N
경기,동두천시,보건소,생연동,N
경기,부천시,보건소,오정동,N
경기,부천시,보건소,중동,N
경기,성남시,보건소,야탑동,N
경기,성남시,일반보건지소,운중동,N
경기,성남시,보건소,신흥동,N
경기,성남시,보건소,상대원동,N
경기,부천시,보건소,소사본동,N
경기,수원시,보건소,탑동,N
경기,수원시,보건소,영통동,N
경기,수원시,보건소,조원동,N
경기,수원시,보건소,교동,N
경기,시흥시,보건소,대야동,N
경기,시흥시,보건진료소,과림동,N
경기,시흥시,보건진료소,포동,N
경기,시흥시,보건진료소,하중동,N
경기,시흥시,보건진료소,월곶동,N
경기,시흥시,일반보건지소,정왕동,N
경기,안산시,보건소,초지동,N
경기,안산시,보건진료소,대부남동,Y
경기,안산시,일반보건지소,대부북동,Y
경기,안산시,일반보건지소,원곡동,N
경기,안산시,보건진료소,풍도동,Y
경기,안산시,보건소,사동,N
경기,안산시,일반보건지소,건건동,N
경기,안산시,일반보건지소,수암동,N
경기,안성시,보건소,도기동,N
경기,안성시,보건진료소,금광면,N
경기,안성시,보건진료소,미양면,N
경기,안성시,보건진료소,공도읍,N
경기,안성시,일반보건지소,고삼면,N
경기,안성시,건강생활지원센터,공도읍,N
경기,안성시,일반보건지소,금광면,N
경기,안성시,보건진료소,일죽면,N
경기,안성시,보건진료소,양성면,N
경기,안성시,보건진료소,죽산면,N
경기,안성시,보건진료소,보개면,N
경기,안성시,보건진료소,양성면,N
경기,안성시,일반보건지소,미양면,N
경기,안성시,보건진료소,일죽면,N
경기,안성시,보건진료소,보개면,N
경기,안성시,보건진료소,서운면,N
경기,안성시,일반보건지소,삼죽면,N
경기,안성시,일반보건지소,서운면,N
경기,안성시,보건진료소,서운면,N
경기,안성시,보건진료소,고삼면,N
경기,안성시,일반보건지소,양성면,N
경기,안성시,일반보건지소,원곡면,N
경기,안성시,보건진료소,삼죽면,N
경기,안성시,일반보건지소,일죽면,N
경기,안성시,일반보건지소,죽산면,N
경기,안성시,보건진료소,금광면,N
경기,안양시,보건소,비산동,N
경기,안양시,보건소,안양동,N
경기,양주시,보건소,남방동,N
경기,양주시,보건진료소,남면,N
경기,양주시,보건진료소,은현면,N
경기,양주시,건강생활지원센터,덕정동,N
경기,양주시,보건진료소,백석읍,N
경기,양주시,통합보건지소,은현면,N
경기,양주시,일반보건지소,장흥면,N
경기,양평군,보건소,양평읍,N
경기,양평군,보건진료소,청운면,N
경기,양평군,일반보건지소,강하면,N
경기,양평군,일반보건지소,개군면,N
경기,양평군,보건진료소,양동면,N
경기,양평군,보건진료소,양동면,N
경기,양평군,보건진료소,지평면,N
경기,양평군,일반보건지소,양서면,N
경기,양평군,보건진료소,양동면,N
경기,양평군,보건진료소,서종면,N
경기,양평군,보건진료소,양동면,N
경기,양평군,일반보건지소,단월면,N
경기,양평군,보건진료소,강하면,N
경기,양평군,보건진료소,단월면,N
경기,양평군,보건진료소,단월면,N
경기,양평군,일반보건지소,서종면,N
경기,양평군,보건진료소,서종면,N
경기,양평군,보건진료소,강상면,N
경기,양평군,보건진료소,청운면,N
경기,양평군,일반보건지소,양동면,N
경기,양평군,일반보건지소,옥천면,N
경기,양평군,일반보건지소,용문면,N
경기,양평군,보건진료소,지평면,N
경기,양평군,보건진료소,서종면,N
경기,양평군,보건진료소,용문면,N
경기,양평군,일반보건지소,지평면,N
경기,양평군,일반보건지소,청운면,N
경기,여주시,보건소,상동,N
경기,여주시,일반보건지소,가남읍,N
경기,여주시,일반보건지소,강천면,N
경기,여주시,보건진료소,강천면,N
경기,여주시,보건진료소,가남읍,N
경기,여주시,일반보건지소,금사면,N
경기,여주시,보건진료소,점동면,N
경기,여주시,일반보건지소,능서면,N
경기,여주시,일반보건지소,대신면,N
경기,여주시,보건진료소,강천면,N
경기,여주시,보건진료소,능서면,N
경기,여주시,보건진료소,능서면,N
경기,여주시,일반보건지소,북내면,N
경기,여주시,일반보건지소,산북면,N
경기,여주시,보건진료소,가남읍,N
경기,여주시,보건진료소,대신면,N
경기,여주시,보건진료소,대신면,N
경기,여주시,보건진료소,가남읍,N
경기,여주시,보건진료소,점동면,N
경기,여주시,일반보건지소,점동면,N
경기,여주시,보건진료소,북내면,N
경기,여주시,보건진료소,금사면,N
경기,여주시,일반보건지소,흥천면,N
경기,연천군,보건의료원,전곡읍,N
경기,연천군,보건진료소,연천읍,N
경기,연천군,일반보건지소,군남면,N
경기,연천군,보건진료소,백학면,N
경기,연천군,보건진료소,전곡읍,N
경기,연천군,보건진료소,왕징면,N
경기,연천군,보건진료소,미산면,N
경기,연천군,일반보건지소,백학면,N
경기,연천군,일반보건지소,신서면,N
경기,연천군,보건진료소,전곡읍,N
경기,연천군,일반보건지소,연천읍,N
경기,연천군,일반보건지소,왕징면,N
경기,연천군,일반보건지소,장남면,N
경기,연천군,일반보건지소,청산면,N
경기,연천군,보건진료소,중면,N
경기,오산시,보건소,오산동,N
경기,오산시,건강생활지원센터,금암동,N
경기,용인시,보건소,신갈동,N
경기,용인시,보건진료소,고매동,N
경기,용인시,보건진료소,공세동,N
경기,용인시,보건소,풍덕천동,N
경기,용인시,보건진료소,고기동,N
경기,용인시,보건소,삼가동,N
경기,용인시,보건진료소,백암면,N
경기,용인시,일반보건지소,남사면,N
경기,용인시,보건진료소,양지면,N
경기,용인시,일반보건지소,모현읍,N
경기,용인시,보건진료소,백암면,N
경기,용인시,일반보건지소,백암면,N
경기,용인시,보건진료소,남사면,N
경기,용인시,일반보건지소,양지면,N
경기,용인시,일반보건지소,원삼면,N
경기,용인시,보건진료소,남사면,N
경기,용인시,일반보건지소,이동읍,N
경기,용인시,보건진료소,백암면,N
경기,용인시,보건진료소,원삼면,N
경기,용인시,일반보건지소,포곡읍,N
경기,의왕시,보건소,고천동,N
경기,의왕시,일반보건지소,청계동,N
경기,의정부시,보건소,의정부동,N
경기,이천시,보건소,증포동,N
경기,이천시,보건진료소,부발읍,N
경기,이천시,보건진료소,부발읍,N
경기,이천시,보건진료소,대월면,N
경기,이천시,통합보건지소,설성면,N
경기,이천시,보건진료소,단월동,N
경기,이천시,일반보건지소,대월면,N
경기,이천시,보건진료소,신둔면,N
경기,이천시,보건진료소,신둔면,N
경기,이천시,일반보건지소,마장면,N
경기,이천시,보건진료소,호법면,N
경기,이천시,일반보건지소,모가면,N
경기,이천시,일반보건지소,백사면,N
경기,이천시,일반보건지소,부발읍,N
경기,이천시,보건진료소,설성면,N
경기,이천시,보건진료소,모가면,N
경기,이천시,보건진료소,백사면,N
경기,이천시,보건진료소,율면,N
경기,이천시,보건진료소,호법면,N
경기,이천시,보건진료소,장호원읍,N
경기,이천시,보건진료소,설성면,N
경기,이천시,보건진료소,마장면,N
경기,이천시,일반보건지소,호법면,N
경기,파주시,보건소,금촌동,N
경기,파주시,보건진료소,파평면,N
경기,파주시,일반보건지소,문산읍,N
경기,파주시,보건진료소,탄현면,N
경기,파주시,보건진료소,군내면,N
경기,파주시,보건진료소,야당동,N
경기,파주시,보건진료소,적성면,N
경기,파주시,보건진료소,광탄면,N
경기,파주시,일반보건지소,목동동,N
경기,파주시,보건진료소,법원읍,N
경기,파주시,일반보건지소,월롱면,N
경기,파주시,일반보건지소,적성면,N
경기,파주시,일반보건지소,탄현면,N
경기,파주시,일반보건지소,파평면,N
경기,평택시,보건소,서정동,N
경기,평택시,일반보건지소,고덕면,N
경기,평택시,보건진료소,서탄면,N
경기,평택시,보건진료소,진위면,N
경기,평택시,보건진료소,고덕면,N
경기,평택시,일반보건지소,서탄면,N
경기,평택시,보건진료소,진위면,N
경기,평택시,일반보건지소,진위면,N
경기,평택시,보건소,비전동,N
경기,평택시,보건진료소,현덕면,N
경기,평택시,보건진료소,팽성읍,N
경기,평택시,보건진료소,포승읍,N
경기,평택시,통합보건지소,안중읍,N
경기,평택시,보건진료소,청북면,N
경기,평택시,일반보건지소,오성면,N
경기,평택시,보건진료소,포승읍,N
경기,평택시,보건진료소,현덕면,N
경기,평택시,일반보건지소,청북면,N
경기,평택시,일반보건지소,팽성읍,N
경기,평택시,보건진료소,팽성읍,N
경기,평택시,건강생활지원센터,포승읍,N
경기,평택시,일반보건지소,포승읍,N
경기,평택시,일반보건지소,현덕면,N
경기,포천시,보건소,신읍동,N
경기,포천시,일반보건지소,가산면,N
경기,포천시,일반보건지소,관인면,N
경기,포천시,일반보건지소,군내면,N
경기,포천시,보건진료소,일동면,N
경기,포천시,일반보건지소,내촌면,N
경기,포천시,보건진료소,신북면,N
경기,포천시,보건진료소,이동면,N
경기,포천시,일반보건지소,선단동,N
경기,포천시,일반보건지소,소흘읍,N
경기,포천시,일반보건지소,신북면,N
경기,포천시,보건진료소,영북면,N
경기,포천시,일반보건지소,영북면,N
경기,포천시,일반보건지소,영중면,N
경기,포천시,보건진료소,창수면,N
경기,포천시,보건진료소,소흘읍,N
경기,포천시,일반보건지소,이동면,N
경기,포천시,일반보건지소,일동면,N
경기,포천시,보건진료소,가산면,N
경기,포천시,보건진료소,관인면,N
경기,포천시,보건진료소,화현면,N
경기,포천시,일반보건지소,창수면,N
경기,포천시,일반보건지소,화현면,N
경기,하남시,보건소,신장동,N
경기,화성시,보건소,향남읍,N
경기,화성시,보건진료소,서신면,N
경기,화성시,보건진료소,팔탄면,N
경기,화성시,일반보건지소,남양읍,N
경기,화성시,일반보건지소,병점동,N
경기,화성시,일반보건지소,석우동,N
경기,화성시,일반보건지소,마도면,N
경기,화성시,일반보건지소,매송면,N
경기,화성시,보건진료소,우정읍,N
경기,화성시,보건진료소,정남면,N
경기,화성시,일반보건지소,봉담읍,N
경기,화성시,일반보건지소,비봉면,N
경기,화성시,보건진료소,양감면,N
경기,화성시,보건진료소,팔탄면,N
경기,화성시,일반보건지소,서신면,N
경기,화성시,일반보건지소,송산면,N
경기,화성시,보건진료소,송산면,N
경기,화성시,보건진료소,남양읍,N
경기,화성시,일반보건지소,양감면,N
경기,화성시,일반보건지소,송동,N
경기,화성시,일반보건지소,우정읍,N
경기,화성시,보건진료소,비봉면,N
경기,화성시,보건진료소,비봉면,N
경기,화성시,일반보건지소,장안면,N
경기,화성시,일반보건지소,정남면,N
경기,화성시,보건진료소,정남면,N
경기,화성시,보건진료소,서신면,Y
경기,화성시,일반보건지소,팔탄면,N
강원,강릉시,보건소,내곡동,N
강원,강릉시,일반보건지소,강동면,N
강원,강릉시,보건진료소,왕산면,N
강원,강릉시,일반보건지소,구정면,N
강원,강릉시,건강생활지원센터,입암동,N
강원,강릉시,보건진료소,옥계면,N
강원,강릉시,보건진료소,왕산면,N
강원,강릉시,일반보건지소,포남동,N
강원,강릉시,보건진료소,성산면,N
강원,강릉시,일반보건지소,사천면,N
강원,강릉시,보건진료소,사천면,N
강원,강릉시,보건진료소,옥계면,N
강원,강릉시,보건진료소,연곡면,N
강원,강릉시,일반보건지소,성산면,N
강원,강릉시,일반보건지소,옥계면,N
강원,강릉시,일반보건지소,왕산면,N
강원,강릉시,보건진료소,강동면,N
강원,강릉시,보건진료소,강동면,N
강원,강릉시,통합보건지소,주문진읍,N
강원,고성군,보건소,간성읍,N
강원,고성군,건강생활지원센터,거진읍,N
강원,고성군,보건진료소,토성면,N
강원,고성군,보건진료소,현내면,N
강원,고성군,보건진료소,현내면,N
강원,고성군,보건진료소,토성면,N
강원,고성군,보건진료소,거진읍,N
강원,고성군,보건진료소,토성면,N
강원,고성군,보건진료소,간성읍,N
강원,고성군,보건진료소,토성면,N
강원,고성군,일반보건지소,죽왕면,N
강원,고성군,일반보건지소,토성면,N
강원,고성군,일반보건지소,현내면,N
강원,고성군,보건진료소,간성읍,N
강원,동해시,보건소,천곡동,N
강원,동해시,일반보건지소,발한동,N
강원,동해시,건강생활지원센터,쇄운동,N
강원,동해시,일반보건지소,이로동,N
강원,삼척시,보건소,남양동,N
강원,삼척시,일반보건지소,가곡면,N
강원,삼척시,일반보건지소,근덕면,N
강원,삼척시,일반보건지소,노곡면,N
강원,삼척시,일반보건지소,도계읍,N
강원,삼척시,보건진료소,노곡면,N
강원,삼척시,보건진료소,근덕면,N
강원,삼척시,일반보건지소,미로면,N
강원,삼척시,보건진료소,미로면,N
강원,삼척시,일반보건지소,신기면,N
강원,삼척시,보건진료소,하장면,N
강원,삼척시,일반보건지소,원덕읍,N
강원,삼척시,보건진료소,원덕읍,N
강원,삼척시,보건진료소,근덕면,N
강원,삼척시,일반보건지소,하장면,N
강원,속초시,보건소,교동,N
강원,양구군,보건소,양구읍,N
강원,양구군,보건진료소,양구읍,N
강원,양구군,보건진료소,방산면,N
강원,양구군,일반보건지소,남면,N
강원,양구군,일반보건지소,동면,N
강원,양구군,일반보건지소,방산면,N
강원,양구군,보건진료소,동면,N
강원,양구군,일반보건지소,해안면,N
강원,양양군,보건소,양양읍,N
강원,양양군,일반보건지소,강현면,N
강원,양양군,보건진료소,서면,N
강원,양양군,일반보건지소,서면,N
강원,양양군,보건진료소,강현면,N
강원,양양군,일반보건지소,손양면,N
강원,양양군,보건진료소,손양면,N
강원,양양군,보건진료소,현북면,N
강원,양양군,보건진료소,현남면,N
강원,양양군,일반보건지소,현남면,N
강원,양양군,일반보건지소,현북면,N
강원,영월군,보건소,영월읍,N
강원,영월군,일반보건지소,김삿갓면,N
강원,영월군,일반보건지소,남면,N
강원,영월군,일반보건지소,영월읍,N
강원,영월군,보건진료소,수주면,N
강원,영월군,일반보건지소,북면,N
강원,영월군,일반보건지소,상동읍,N
강원,영월군,보건진료소,중동면,N
강원,영월군,보건진료소,한반도면,N
강원,영월군,보건진료소,북면,N
강원,영월군,보건진료소,무릉도원면,N
강원,영월군,통합보건지소,주천면,N
강원,영월군,일반보건지소,중동면,N
강원,영월군,일반보건지소,한반도면,N
강원,원주시,보건소,일산동,N
강원,원주시,보건진료소,호저면,N
강원,원주시,일반보건지소,귀래면,N
강원,원주시,건강생활지원센터,단구동,N
강원,원주시,보건진료소,부론면,N
강원,원주시,일반보건지소,문막읍,N
강원,원주시,일반보건지소,부론면,N
강원,원주시,보건진료소,문막읍,N
강원,원주시,보건진료소,흥업면,N
강원,원주시,보건진료소,호저면,N
강원,원주시,일반보건지소,소초면,N
강원,원주시,일반보건지소,신림면,N
강원,원주시,일반보건지소,지정면,N
강원,원주시,보건진료소,지정면,N
강원,원주시,일반보건지소,관설동,N
강원,원주시,보건진료소,소초면,N
강원,원주시,일반보건지소,호저면,N
강원,원주시,보건진료소,신림면,N
강원,원주시,일반보건지소,흥업면,N
강원,인제군,보건소,인제읍,N
강원,인제군,보건진료소,인제읍,N
강원,인제군,일반보건지소,기린면,N
강원,인제군,일반보건지소,남면,N
강원,인제군,보건진료소,기린면,N
강원,인제군,보건진료소,기린면,N
강원,인제군,일반보건지소,북면,N
강원,인제군,일반보건지소,상남면,N
강원,인제군,일반보건지소,서화면,N
강원,인제군,보건진료소,서화면,N
강원,인제군,보건진료소,북면,N
강원,정선군,보건소,정선읍,N
강원,정선군,보건진료소,신동읍,N
강원,정선군,통합보건지소,고한읍,N
강원,정선군,보건진료소,남면,N
강원,정선군,보건진료소,정선읍,N
강원,정선군,보건진료소,여량면,N
강원,정선군,일반보건지소,남면,N
강원,정선군,보건진료소,임계면,N
강원,정선군,보건진료소,임계면,N
강원,정선군,보건진료소,임계면,N
강원,정선군,일반보건지소,북평면,N
강원,정선군,일반보건지소,신동읍,N
강원,정선군,일반보건지소,여량면,N
강원,정선군,보건진료소,정선읍,N
강원,정선군,일반보건지소,임계면,N
강원,정선군,보건진료소,신동읍,N
강원,정선군,보건진료소,남면,N
강원,정선군,보건진료소,화암면,N
강원,정선군,일반보건지소,화암면,N
강원,철원군,보건소,갈말읍,N
강원,철원군,일반보건지소,근남면,N
강원,철원군,일반보건지소,김화읍,N
강원,철원군,보건진료소,갈말읍,N
강원,철원군,보건진료소,철원읍,N
강원,철원군,보건진료소,김화읍,N
강원,철원군,보건진료소,근남면,N
강원,철원군,건강생활지원센터,서면,N
강원,철원군,일반보건지소,서면,N
강원,철원군,보건진료소,동송읍,N
강원,철원군,보건진료소,근남면,N
강원,철원군,보건진료소,갈말읍,N
강원,철원군,통합보건지소,철원읍,N
강원,춘천시,보건소,중앙로3가,N
강원,춘천시,보건진료소,남면,N
강원,춘천시,보건진료소,사북면,N
강원,춘천시,보건진료소,남산면,N
강원,춘천시,일반보건지소,남면,N
강원,춘천시,일반보건지소,남산면,N
강원,춘천시,보건진료소,서면,N
강원,춘천시,일반보건지소,동내면,N
강원,춘천시,일반보건지소,동면,N
강원,춘천시,일반보건지소,동산면,N
강원,춘천시,보건진료소,서면,N
강원,춘천시,일반보건지소,북산면,N
강원,춘천시,일반보건지소,사북면,N
강원,춘천시,보건진료소,동면,N
강원,춘천시,일반보건지소,서면,N
강원,춘천시,보건진료소,서면,N
강원,춘천시,보건진료소,남산면,N
강원,춘천시,일반보건지소,신동면,N
강원,춘천시,일반보건지소,신북읍,N
강원,춘천시,보건진료소,신북읍,N
강원,춘천시,보건진료소,동산면,N
강원,춘천시,보건진료소,북산면,N
강원,춘천시,보건진료소,신북읍,N
강원,춘천시,보건진료소,사북면,N
강원,태백시,보건소,황지동,N
강원,태백시,보건진료소,상사미동,N
강원,태백시,일반보건지소,철암동,N
강원,평창군,보건의료원,평창읍,N
강원,평창군,보건진료소,대화면,N
강원,평창군,보건진료소,진부면,N
강원,평창군,보건진료소,방림면,N
강원,평창군,보건진료소,평창읍,N
강원,평창군,보건진료소,평창읍,N
강원,평창군,일반보건지소,대관령면,N
강원,평창군,일반보건지소,대화면,N
강원,평창군,보건진료소,평창읍,N
강원,평창군,보건진료소,진부면,N
강원,평창군,보건진료소,봉평면,N
강원,평창군,보건진료소,봉평면,N
강원,평창군,일반보건지소,미탄면,N
강원,평창군,일반보건지소,방림면,N
강원,평창군,일반보건지소,봉평면,N
강원,평창군,보건진료소,용평면,N
강원,평창군,보건진료소,진부면,N
강원,평창군,보건진료소,대화면,N
강원,평창군,보건진료소,대관령면,N
강원,평창군,일반보건지소,용평면,N
강원,평창군,보건진료소,대관령면,N
강원,평창군,건강생활지원센터,진부면,N
강원,평창군,보건진료소,대화면,N
강원,홍천군,보건소,홍천읍,N
강원,홍천군,보건진료소,동면,N
강원,홍천군,보건진료소,서석면,N
강원,홍천군,보건진료소,내면,Y
강원,홍천군,보건진료소,화촌면,N
강원,홍천군,보건진료소,서면,N
강원,홍천군,일반보건지소,남면,N
강원,홍천군,일반보건지소,내면,Y
강원,홍천군,일반보건지소,내촌면,N
강원,홍천군,일반보건지소,동면,N
강원,홍천군,일반보건지소,두촌면,N
강원,홍천군,보건진료소,서면,Y
강원,홍천군,보건진료소,내촌면,N
강원,홍천군,보건진료소,내면,Y
강원,홍천군,건강생활지원센터,북방면,N
강원,홍천군,일반보건지소,서면,N
강원,홍천군,일반보건지소,서석면,N
강원,홍천군,보건진료소,북방면,N
강원,홍천군,보건진료소,서석면,N
강원,홍천군,보건진료소,남면,N
강원,홍천군,보건진료소,서면,N
강원,홍천군,보건진료소,북방면,N
강원,홍천군,보건진료소,화촌면,N
강원,홍천군,보건진료소,남면,N
강원,홍천군,보건진료소,동면,N
강원,홍천군,보건진료소,두촌면,N
강원,홍천군,보건진료소,서석면,N
강원,홍천군,일반보건지소,화촌면,N
강원,화천군,보건의료원,화천읍,N
강원,화천군,일반보건지소,간동면,N
강원,화천군,보건진료소,상서면,N
강원,화천군,보건진료소,상서면,N
강원,화천군,일반보건지소,사내면,N
강원,화천군,보건진료소,상서면,N
강원,화천군,일반보건지소,상서면,N
강원,화천군,보건진료소,간동면,N
강원,화천군,보건진료소,하남면,N
강원,화천군,보건진료소,화천읍,N
강원,화천군,일반보건지소,하남면,N
강원,횡성군,보건소,횡성읍,N
강원,횡성군,보건진료소,공근면,N
강원,횡성군,일반보건지소,갑천면,N
강원,횡성군,일반보건지소,강림면,N
강원,횡성군,일반보건지소,공근면,N
강원,횡성군,일반보건지소,둔내면,N
강원,횡성군,보건진료소,청일면,N
강원,횡성군,일반보건지소,서원면,N
강원,횡성군,보건진료소,안흥면,N
강원,횡성군,일반보건지소,안흥면,N
강원,횡성군,일반보건지소,우천면,N
강원,횡성군,보건진료소,서원면,N
강원,횡성군,보건진료소,우천면,N
강원,횡성군,일반보건지소,청일면,N
강원,횡성군,보건진료소,갑천면,N
강원,횡성군,보건진료소,갑천면,N
강원,횡성군,보건진료소,둔내면,N
충북,괴산군,보건소,괴산읍,N
충북,괴산군,일반보건지소,감물면,N
충북,괴산군,보건진료소,사리면,N
충북,괴산군,보건진료소,연풍면,N
충북,괴산군,보건진료소,청천면,N
충북,괴산군,보건진료소,청천면,N
충북,괴산군,보건진료소,소수면,N
충북,괴산군,일반보건지소,문광면,N
충북,괴산군,보건진료소,장연면,N
충북,괴산군,일반보건지소,청안면,N
충북,괴산군,일반보건지소,불정면,N
충북,괴산군,일반보건지소,사리면,N
충북,괴산군,보건진료소,불정면,N
충북,괴산군,보건진료소,불정면,N
충북,괴산군,일반보건지소,소수면,N
충북,괴산군,일반보건지소,청천면,N
충북,괴산군,보건진료소,괴산읍,N
충북,괴산군,보건진료소,장연면,N
충북,괴산군,보건진료소,청천면,N
충북,괴산군,일반보건지소,연풍면,N
충북,괴산군,보건진료소,칠성면,N
충북,괴산군,보건진료소,청안면,N
충북,괴산군,보건진료소,감물면,N
충북,괴산군,일반보건지소,장연면,N
충북,괴산군,보건진료소,사리면,N
충북,괴산군,보건진료소,청천면,N
충북,괴산군,일반보건지소,청안면,N
충북,괴산군,일반보건지소,청천면,N
충북,괴산군,보건진료소,불정면,N
충북,괴산군,일반보건지소,칠성면,N
충북,단양군,보건소,단양읍,N
충북,단양군,일반보건지소,가곡면,N
충북,단양군,보건진료소,가곡면,N
충북,단양군,보건진료소,단성면,N
충북,단양군,보건진료소,매포읍,N
충북,단양군,보건진료소,적성면,N
충북,단양군,보건진료소,단성면,N
충북,단양군,보건진료소,단양읍,N
충북,단양군,일반보건지소,단성면,N
충북,단양군,일반보건지소,대강면,N
충북,단양군,보건진료소,가곡면,N
충북,단양군,보건진료소,어상천면,N
충북,단양군,일반보건지소,매포읍,N
충북,단양군,보건진료소,영춘면,N
충북,단양군,보건진료소,가곡면,N
충북,단양군,보건진료소,어상천면,N
충북,단양군,일반보건지소,어상천면,N
충북,단양군,보건진료소,가곡면,N
충북,단양군,일반보건지소,영춘면,N
충북,단양군,보건진료소,영춘면,N
충북,단양군,보건진료소,대강면,N
충북,단양군,일반보건지소,적성면,N
충북,단양군,보건진료소,대강면,N
충북,보은군,보건소,보은읍,N
충북,보은군,보건진료소,보은읍,N
충북,보은군,보건진료소,회인면,N
충북,보은군,보건진료소,내북면,N
충북,보은군,보건진료소,마로면,N
충북,보은군,일반보건지소,내북면,N
충북,보은군,통합보건지소,마로면,N
충북,보은군,보건진료소,수한면,N
충북,보은군,보건진료소,탄부면,N
충북,보은군,보건진료소,수한면,N
충북,보은군,보건진료소,속리산면,N
충북,보은군,보건진료소,산외면,N
충북,보은군,일반보건지소,산외면,N
충북,보은군,일반보건지소,삼승면,N
충북,보은군,보건진료소,마로면,N
충북,보은군,일반보건지소,속리산면,N
충북,보은군,보건진료소,삼승면,N
충북,보은군,보건진료소,회인면,N
충북,보은군,보건진료소,산외면,N
충북,보은군,보건진료소,장안면,N
충북,보은군,보건진료소,보은읍,N
충북,보은군,일반보건지소,탄부면,N
충북,보은군,일반보건지소,회남면,N
충북,보은군,일반보건지소,회인면,N
충북,영동군,보건소,영동읍,N
충북,영동군,보건진료소,상촌면,N
충북,영동군,보건진료소,심천면,N
충북,영동군,보건진료소,양강면,N
충북,영동군,보건진료소,양산면,N
충북,영동군,일반보건지소,매곡면,N
충북,영동군,보건진료소,용산면,N
충북,영동군,보건진료소,상촌면,N
충북,영동군,보건진료소,학산면,N
충북,영동군,보건진료소,용산면,N
충북,영동군,일반보건지소,상촌면,N
충북,영동군,보건진료소,추풍령면,N
충북,영동군,보건진료소,영동읍,N
충북,영동군,일반보건지소,심천면,N
충북,영동군,일반보건지소,양강면,N
충북,영동군,일반보건지소,양산면,N
충북,영동군,보건진료소,매곡면,N
충북,영동군,일반보건지소,용산면,N
충북,영동군,보건진료소,황간면,N
충북,영동군,일반보건지소,용화면,N
충북,영동군,보건진료소,용화면,N
충북,영동군,보건진료소,양산면,N
충북,영동군,보건진료소,학산면,N
충북,영동군,일반보건지소,추풍령면,N
충북,영동군,보건진료소,상촌면,N
충북,영동군,일반보건지소,학산면,N
충북,영동군,보건진료소,영동읍,N
충북,영동군,일반보건지소,황간면,N
충북,옥천군,보건소,옥천읍,N
충북,옥천군,보건진료소,이원면,N
충북,옥천군,보건진료소,군북면,N
충북,옥천군,일반보건지소,군북면,N
충북,옥천군,일반보건지소,군서면,N
충북,옥천군,보건진료소,군북면,N
충북,옥천군,보건진료소,청성면,N
충북,옥천군,보건진료소,안내면,N
충북,옥천군,일반보건지소,동이면,N
충북,옥천군,보건진료소,청성면,N
충북,옥천군,보건진료소,동이면,N
충북,옥천군,보건진료소,청산면,N
충북,옥천군,일반보건지소,안남면,N
충북,옥천군,일반보건지소,안내면,N
충북,옥천군,보건진료소,청산면,N
충북,옥천군,보건진료소,동이면,N
충북,옥천군,보건진료소,이원면,N
충북,옥천군,보건진료소,군서면,N
충북,옥천군,보건진료소,청산면,N
충북,옥천군,일반보건지소,이원면,N
충북,옥천군,보건진료소,군북면,N
충북,옥천군,보건진료소,안남면,N
충북,옥천군,일반보건지소,청산면,N
충북,옥천군,일반보건지소,청성면,N
충북,옥천군,보건진료소,청성면,N
충북,음성군,보건소,음성읍,N
충북,음성군,일반보건지소,감곡면,N
충북,음성군,보건진료소,생극면,N
충북,음성군,일반보건지소,금왕읍,N
충북,음성군,보건진료소,금왕읍,N
충북,음성군,보건진료소,대소면,N
충북,음성군,보건진료소,삼성면,N
충북,음성군,일반보건지소,대소면,N
충북,음성군,보건진료소,맹동면,N
충북,음성군,건강생활지원센터,맹동면,N
충북,음성군,일반보건지소,맹동면,N
충북,음성군,보건진료소,맹동면,N
충북,음성군,보건진료소,대소면,N
충북,음성군,보건진료소,음성읍,N
충북,음성군,일반보건지소,삼성면,N
충북,음성군,보건진료소,삼성면,N
충북,음성군,보건진료소,감곡면,N
충북,음성군,일반보건지소,생극면,N
충북,음성군,보건진료소,삼성면,N
충북,음성군,일반보건지소,소이면,N
충북,음성군,보건진료소,감곡면,N
충북,음성군,보건진료소,맹동면,N
충북,음성군,일반보건지소,원남면,N
충북,음성군,보건진료소,금왕읍,N
충북,음성군,보건진료소,원남면,N
충북,음성군,보건진료소,원남면,N
충북,음성군,보건진료소,생극면,N
충북,음성군,보건진료소,소이면,N
충북,제천시,보건소,청전동,N
충북,제천시,보건진료소,봉양읍,N
충북,제천시,일반보건지소,금성면,N
충북,제천시,보건진료소,수산면,N
충북,제천시,일반보건지소,덕산면,N
충북,제천시,보건진료소,덕산면,N
충북,제천시,보건진료소,수산면,N
충북,제천시,보건진료소,봉양읍,N
충북,제천시,일반보건지소,백운면,N
충북,제천시,일반보건지소,봉양읍,N
충북,제천시,일반보건지소,송학면,N
충북,제천시,보건진료소,송학면,N
충북,제천시,일반보건지소,수산면,N
충북,제천시,보건진료소,금성면,N
충북,제천시,보건진료소,봉양읍,N
충북,제천시,건강생활지원센터,하소동,N
충북,제천시,보건진료소,덕산면,N
충북,제천시,보건진료소,청풍면,N
충북,제천시,일반보건지소,청풍면,N
충북,제천시,일반보건지소,한수면,N
충북,제천시,보건진료소,백운면,N
충북,증평군,보건소,증평읍,N
충북,증평군,보건진료소,증평읍,N
충북,증평군,일반보건지소,도안면,N
충북,진천군,보건소,진천읍,N
충북,진천군,일반보건지소,광혜원면,N
충북,진천군,일반보건지소,덕산읍,N
충북,진천군,일반보건지소,문백면,N
충북,진천군,일반보건지소,백곡면,N
충북,진천군,보건진료소,진천읍,N
충북,진천군,보건진료소,문백면,N
충북,진천군,보건진료소,덕산읍,N
충북,진천군,보건진료소,이월면,N
충북,진천군,보건진료소,초평면,N
충북,진천군,보건진료소,백곡면,N
충북,진천군,보건진료소,초평면,N
충북,진천군,일반보건지소,이월면,N
충북,진천군,일반보건지소,덕산읍,N
충북,진천군,일반보건지소,초평면,N
충북,청주시,보건소,남일면,N
충북,청주시,일반보건지소,가덕면,N
충북,청주시,보건진료소,낭성면,N
충북,청주시,보건진료소,미원면,N
충북,청주시,보건진료소,미원면,N
충북,청주시,일반보건지소,낭성면,N
충북,청주시,보건진료소,문의면,N
충북,청주시,일반보건지소,문의면,N
충북,청주시,일반보건지소,미원면,N
충북,청주시,보건진료소,가덕면,N
충북,청주시,보건진료소,가덕면,N
충북,청주시,보건진료소,문의면,N
충북,청주시,보건진료소,미원면,N
충북,청주시,일반보건지소,용암동,N
충북,청주시,보건진료소,미원면,N
충북,청주시,보건진료소,월오동,N
충북,청주시,보건진료소,가덕면,N
충북,청주시,보건소,사직동,N
충북,청주시,보건진료소,남이면,N
충북,청주시,일반보건지소,남이면,N
충북,청주시,보건진료소,현도면,N
충북,청주시,일반보건지소,현도면,N
충북,청주시,보건소,오창읍,N
충북,청주시,보건진료소,오창읍,N
충북,청주시,일반보건지소,내수읍,N
충북,청주시,일반보건지소,북이면,N
충북,청주시,보건진료소,북이면,N
충북,청주시,보건진료소,북이면,N
충북,청주시,보건진료소,오동동,N
충북,청주시,일반보건지소,오창읍,N
충북,청주시,보건진료소,오창읍,N
충북,청주시,보건진료소,북이면,N
충북,청주시,보건진료소,오창읍,N
충북,청주시,보건소,비하동,N
충북,청주시,일반보건지소,강내면,N
충북,청주시,일반보건지소,비하동,N
충북,청주시,보건진료소,오송읍,N
충북,청주시,보건진료소,옥산면,N
충북,청주시,보건진료소,옥산면,N
충북,청주시,일반보건지소,오송읍,N
충북,청주시,일반보건지소,오송읍,N
충북,청주시,일반보건지소,옥산면,N
충북,청주시,보건진료소,강내면,N
충북,청주시,보건진료소,옥산면,N
충북,충주시,보건소,문화동,N
충북,충주시,보건진료소,중앙탑면,N
충북,충주시,보건진료소,동량면,N
충북,충주시,보건진료소,살미면,N
충북,충주시,일반보건지소,금가면,N
충북,충주시,일반보건지소,노은면,N
충북,충주시,보건진료소,수안보면,N
충북,충주시,일반보건지소,대소원면,N
충북,충주시,보건진료소,동량면,N
충북,충주시,보건진료소,신니면,N
충북,충주시,일반보건지소,동량면,N
충북,충주시,보건진료소,대소원면,N
충북,충주시,보건진료소,산척면,N
충북,충주시,보건진료소,살미면,N
충북,충주시,보건진료소,소태면,N
충북,충주시,일반보건지소,산척면,N
충북,충주시,일반보건지소,살미면,N
충북,충주시,일반보건지소,소태면,N
충북,충주시,보건진료소,노은면,N
충북,충주시,일반보건지소,수안보면,N
충북,충주시,일반보건지소,신니면,N
충북,충주시,보건진료소,노은면,N
충북,충주시,일반보건지소,앙성면,N
충북,충주시,보건진료소,앙성면,N
충북,충주시,일반보건지소,엄정면,N
충북,충주시,보건진료소,금가면,N
충북,충주시,보건진료소,주덕읍,N
충북,충주시,일반보건지소,주덕읍,N
충북,충주시,일반보건지소,중앙탑면,N
충북,충주시,보건진료소,엄정면,N
충남,계룡시,보건소,금암동,N
충남,계룡시,일반보건지소,신도안면,N
충남,계룡시,일반보건지소,엄사면,N
충남,공주시,보건소,교동,N
충남,공주시,일반보건지소,계룡면,N
충남,공주시,보건진료소,유구읍,N
충남,공주시,보건진료소,우성면,N
충남,공주시,보건진료소,신풍면,N
충남,공주시,보건진료소,탄천면,N
충남,공주시,보건진료소,탄천면,N
충남,공주시,보건진료소,반포면,N
충남,공주시,보건진료소,정안면,N
충남,공주시,보건진료소,정안면,N
충남,공주시,일반보건지소,반포면,N
충남,공주시,일반보건지소,사곡면,N
충남,공주시,보건진료소,반포면,N
충남,공주시,보건진료소,석장리동,N
충남,공주시,일반보건지소,신풍면,N
충남,공주시,보건진료소,이인면,N
충남,공주시,보건진료소,계룡면,N
충남,공주시,보건진료소,계룡면,N
충남,공주시,보건진료소,우성면,N
충남,공주시,일반보건지소,우성면,N
충남,공주시,보건진료소,사곡면,N
충남,공주시,일반보건지소,유구읍,N
충남,공주시,일반보건지소,의당면,N
충남,공주시,일반보건지소,이인면,N
충남,공주시,보건진료소,정안면,N
충남,공주시,일반보건지소,정안면,N
충남,공주시,보건진료소,유구읍,N
충남,공주시,일반보건지소,탄천면,N
충남,공주시,보건진료소,신풍면,N
충남,공주시,보건진료소,계룡면,N
충남,금산군,보건소,금산읍,N
충남,금산군,일반보건지소,군북면,N
충남,금산군,보건진료소,군북면,N
충남,금산군,일반보건지소,금성면,N
충남,금산군,보건진료소,금성면,N
충남,금산군,일반보건지소,남이면,N
충남,금산군,보건진료소,남이면,N
충남,금산군,일반보건지소,남일면,N
충남,금산군,보건진료소,남일면,N
충남,금산군,일반보건지소,복수면,N
충남,금산군,보건진료소,복수면,N
충남,금산군,일반보건지소,부리면,N
충남,금산군,보건진료소,부리면,N
충남,금산군,일반보건지소,제원면,N
충남,금산군,일반보건지소,진산면,N
충남,금산군,보건진료소,진산면,N
충남,금산군,일반보건지소,추부면,N
충남,금산군,보건진료소,추부면,N
충남,논산시,보건소,관촉동,N
충남,논산시,일반보건지소,가야곡면,N
충남,논산시,일반보건지소,강경읍,N
충남,논산시,보건진료소,양촌면,N
충남,논산시,보건진료소,연무읍,N
충남,논산시,일반보건지소,광석면,N
충남,논산시,일반보건지소,노성면,N
충남,논산시,건강생활지원센터,화지동,N
충남,논산시,보건진료소,벌곡면,N
충남,논산시,보건진료소,광석면,N
충남,논산시,보건진료소,가야곡면,N
충남,논산시,보건진료소,은진면,N
충남,논산시,보건진료소,연산면,N
충남,논산시,일반보건지소,벌곡면,N
충남,논산시,보건진료소,연무읍,N
충남,논산시,보건진료소,부적면,N
충남,논산시,일반보건지소,부적면,N
충남,논산시,보건진료소,양촌면,N
충남,논산시,보건진료소,가야곡면,N
충남,논산시,보건진료소,상월면,N
충남,논산시,일반보건지소,상월면,N
충남,논산시,보건진료소,성동면,N
충남,논산시,일반보건지소,성동면,N
충남,논산시,보건진료소,연산면,N
충남,논산시,보건진료소,은진면,N
충남,논산시,보건진료소,양촌면,N
충남,논산시,일반보건지소,양촌면,N
충남,논산시,보건진료소,양촌면,N
충남,논산시,일반보건지소,연무읍,N
충남,논산시,일반보건지소,연산면,N
충남,논산시,보건진료소,성동면,N
충남,논산시,보건진료소,채운면,N
충남,논산시,보건진료소,은진면,N
충남,논산시,일반보건지소,은진면,N
충남,논산시,보건진료소,노성면,N
충남,논산시,보건진료소,양촌면,N
충남,논산시,일반보건지소,채운면,N
충남,논산시,보건진료소,광석면,N
충남,논산시,보건진료소,상월면,N
충남,논산시,보건진료소,가야곡면,N
충남,논산시,보건진료소,광석면,N
충남,당진시,보건소,채운동,N
충남,당진시,일반보건지소,고대면,N
충남,당진시,보건진료소,우강면,N
충남,당진시,보건진료소,합덕읍,N
충남,당진시,보건진료소,석문면,Y
충남,당진시,보건진료소,송악읍,N
충남,당진시,보건진료소,고대면,N
충남,당진시,보건진료소,우강면,N
충남,당진시,일반보건지소,대호지면,N
충남,당진시,보건진료소,대호지면,N
충남,당진시,일반보건지소,면천면,N
충남,당진시,보건진료소,정미면,N
충남,당진시,보건진료소,순성면,N
충남,당진시,보건진료소,송악읍,N
충남,당진시,보건진료소,석문면,N
충남,당진시,보건진료소,송산면,N
충남,당진시,일반보건지소,석문면,N
충남,당진시,일반보건지소,송산면,N
충남,당진시,일반보건지소,송악읍,N
충남,당진시,보건진료소,면천면,N
충남,당진시,일반보건지소,순성면,N
충남,당진시,보건진료소,신평면,N
충남,당진시,일반보건지소,신평면,N
충남,당진시,보건진료소,순성면,N
충남,당진시,일반보건지소,우강면,N
충남,당진시,보건진료소,정미면,N
충남,당진시,보건진료소,면천면,N
충남,당진시,일반보건지소,정미면,N
충남,당진시,보건진료소,송악읍,N
충남,당진시,보건진료소,신평면,N
충남,당진시,일반보건지소,합덕읍,N
충남,보령시,보건소,남포면,N
충남,보령시,보건진료소,오천면,Y
충남,보령시,보건진료소,오천면,N
충남,보령시,보건진료소,오천면,Y
충남,보령시,일반보건지소,미산면,N
충남,보령시,보건진료소,미산면,N
충남,보령시,보건진료소,남포면,N
충남,보령시,보건진료소,오천면,Y
충남,보령시,일반보건지소,성주면,N
충남,보령시,보건진료소,주산면,N
충남,보령시,보건진료소,남포면,N
충남,보령시,일반보건지소,오천면,N
충남,보령시,보건진료소,오천면,Y
충남,보령시,일반보건지소,웅천읍,N
충남,보령시,보건진료소,오천면,Y
충남,보령시,보건진료소,오천면,Y
충남,보령시,보건진료소,천북면,N
충남,보령시,보건진료소,청라면,N
충남,보령시,일반보건지소,주교면,N
충남,보령시,일반보건지소,주산면,N
충남,보령시,일반보건지소,주포면,N
충남,보령시,일반보건지소,천북면,N
충남,보령시,일반보건지소,청라면,N
충남,보령시,일반보건지소,청소면,N
충남,보령시,보건진료소,천북면,N
충남,보령시,보건진료소,오천면,Y
충남,보령시,보건진료소,웅천읍,N
충남,보령시,보건진료소,오천면,Y
충남,부여군,보건소,부여읍,N
충남,부여군,보건진료소,은산면,N
충남,부여군,보건진료소,임천면,N
충남,부여군,일반보건지소,구룡면,N
충남,부여군,보건진료소,세도면,N
충남,부여군,일반보건지소,규암면,N
충남,부여군,일반보건지소,남면,N
충남,부여군,일반보건지소,내산면,N
충남,부여군,보건진료소,은산면,N
충남,부여군,보건진료소,남면,N
충남,부여군,보건진료소,석성면,N
충남,부여군,보건진료소,외산면,N
충남,부여군,보건진료소,초촌면,N
충남,부여군,보건진료소,홍산면,N
충남,부여군,일반보건지소,석성면,N
충남,부여군,보건진료소,석성면,N
충남,부여군,일반보건지소,세도면,N
충남,부여군,보건진료소,초촌면,N
충남,부여군,보건진료소,양화면,N
충남,부여군,보건진료소,규암면,N
충남,부여군,일반보건지소,양화면,N
충남,부여군,일반보건지소,옥산면,N
충남,부여군,일반보건지소,외산면,N
충남,부여군,보건진료소,구룡면,N
충남,부여군,일반보건지소,은산면,N
충남,부여군,일반보건지소,임천면,N
충남,부여군,일반보건지소,장암면,N
충남,부여군,보건진료소,외산면,N
충남,부여군,보건진료소,장암면,N
충남,부여군,보건진료소,내산면,N
충남,부여군,보건진료소,충화면,N
충남,부여군,일반보건지소,초촌면,N
충남,부여군,일반보건지소,충화면,N
충남,부여군,일반보건지소,홍산면,N
충남,부여군,보건진료소,옥산면,N
충남,부여군,보건진료소,세도면,N
충남,서산시,보건소,예천동,N
충남,서산시,보건진료소,부석면,N
충남,서산시,보건진료소,부석면,N
충남,서산시,일반보건지소,고북면,N
충남,서산시,일반보건지소,대산읍,N
충남,서산시,보건진료소,팔봉면,N
충남,서산시,보건진료소,음암면,N
충남,서산시,보건진료소,대산읍,N
충남,서산시,보건진료소,인지면,N
충남,서산시,보건진료소,음암면,N
충남,서산시,보건진료소,고북면,N
충남,서산시,일반보건지소,부석면,N
충남,서산시,보건진료소,지곡면,N
충남,서산시,일반보건지소,성연면,N
충남,서산시,보건진료소,운산면,N
충남,서산시,보건진료소,오남동,N
충남,서산시,보건진료소,대산읍,N
충남,서산시,일반보건지소,운산면,N
충남,서산시,보건진료소,운산면,N
충남,서산시,일반보건지소,음암면,N
충남,서산시,일반보건지소,인지면,N
충남,서산시,일반보건지소,지곡면,N
충남,서산시,보건진료소,부석면,N
충남,서산시,일반보건지소,팔봉면,N
충남,서산시,일반보건지소,해미면,N
충남,서산시,보건진료소,팔봉면,N
충남,서천군,보건소,서천읍,N
충남,서천군,보건진료소,비인면,N
충남,서천군,보건진료소,문산면,N
충남,서천군,일반보건지소,기산면,N
충남,서천군,보건진료소,화양면,N
충남,서천군,보건진료소,마서면,N
충남,서천군,일반보건지소,마산면,N
충남,서천군,일반보건지소,문산면,N
충남,서천군,일반보건지소,비인면,N
충남,서천군,보건진료소,서천읍,N
충남,서천군,일반보건지소,서면,N
충남,서천군,보건진료소,서면,N
충남,서천군,보건진료소,마서면,N
충남,서천군,일반보건지소,시초면,N
충남,서천군,보건진료소,한산면,N
충남,서천군,보건진료소,한산면,N
충남,서천군,보건진료소,마서면,N
충남,서천군,보건진료소,서면,N
충남,서천군,보건진료소,기산면,N
충남,서천군,보건진료소,비인면,N
충남,서천군,보건진료소,화양면,N
충남,서천군,일반보건지소,기산면,N
충남,서천군,보건진료소,종천면,N
충남,서천군,보건진료소,문산면,N
충남,서천군,일반보건지소,판교면,N
충남,서천군,보건진료소,마산면,N
충남,서천군,일반보건지소,한산면,N
충남,서천군,일반보건지소,한산면,N
충남,아산시,보건소,모종동,N
충남,아산시,보건진료소,배방읍,N
충남,아산시,보건진료소,둔포면,N
충남,아산시,보건진료소,배방읍,N
충남,아산시,보건진료소,인주면,N
충남,아산시,보건진료소,음봉면,N
충남,아산시,일반보건지소,도고면,N
충남,아산시,보건진료소,탕정면,N
충남,아산시,보건진료소,송악면,N
충남,아산시,일반보건지소,둔포면,N
충남,아산시,건강생활지원센터,배방읍,N
충남,아산시,일반보건지소,배방읍,N
충남,아산시,보건진료소,영인면,N
충남,아산시,보건진료소,음봉면,N
충남,아산시,일반보건지소,선장면,N
충남,아산시,일반보건지소,송악면,N
충남,아산시,보건진료소,신창면,N
충남,아산시,보건진료소,둔포면,N
충남,아산시,일반보건지소,신창면,N
충남,아산시,보건진료소,영인면,N
충남,아산시,보건진료소,음봉면,N
충남,아산시,보건진료소,둔포면,N
충남,아산시,일반보건지소,염치읍,N
충남,아산시,일반보건지소,영인면,N
충남,아산시,보건진료소,송악면,N
충남,아산시,일반보건지소,음봉면,N
충남,아산시,일반보건지소,인주면,N
충남,아산시,일반보건지소,탕정면,N
충남,아산시,보건진료소,도고면,N
충남,예산군,보건소,예산읍,N
충남,예산군,일반보건지소,고덕면,N
충남,예산군,일반보건지소,광시면,N
충남,예산군,보건진료소,봉산면,N
충남,예산군,일반보건지소,삽교읍,N
충남,예산군,일반보건지소,대술면,N
충남,예산군,일반보건지소,대흥면,N
충남,예산군,보건진료소,덕산면,N
충남,예산군,일반보건지소,덕산면,N
충남,예산군,보건진료소,대흥면,N
충남,예산군,보건진료소,신양면,N
충남,예산군,보건진료소,고덕면,N
충남,예산군,보건진료소,삽교읍,N
충남,예산군,일반보건지소,봉산면,N
충남,예산군,보건진료소,봉산면,N
충남,예산군,일반보건지소,삽교읍,N
충남,예산군,보건진료소,광시면,N
충남,예산군,보건진료소,예산읍,N
충남,예산군,일반보건지소,신암면,N
충남,예산군,일반보건지소,신양면,N
충남,예산군,보건진료소,오가면,N
충남,예산군,보건진료소,대술면,N
충남,예산군,일반보건지소,오가면,N
충남,예산군,일반보건지소,예산읍,N
충남,예산군,보건진료소,응봉면,N
충남,예산군,보건진료소,대술면,N
충남,예산군,보건진료소,광시면,N
충남,예산군,보건진료소,신암면,N
충남,예산군,보건진료소,신양면,N
충남,천안시,보건소,문화동,N
충남,천안시,일반보건지소,광덕면,N
충남,천안시,보건진료소,목천읍,N
충남,천안시,일반보건지소,동면,N
충남,천안시,보건진료소,병천면,N
충남,천안시,일반보건지소,목천읍,N
충남,천안시,보건진료소,풍세면,N
충남,천안시,보건진료소,수신면,N
충남,천안시,일반보건지소,병천면,N
충남,천안시,보건진료소,광덕면,N
충남,천안시,보건진료소,성남면,N
충남,천안시,일반보건지소,북면,N
충남,천안시,일반보건지소,성남면,N
충남,천안시,일반보건지소,수신면,N
충남,천안시,보건진료소,풍세면,N
충남,천안시,보건진료소,북면,N
충남,천안시,건강생활지원센터,청수동,N
충남,천안시,일반보건지소,풍세면,N
충남,천안시,보건진료소,광덕면,N
충남,천안시,보건진료소,동면,N
충남,천안시,보건진료소,성남면,N
충남,천안시,보건소,불당동,N
충남,천안시,보건진료소,입장면,N
충남,천안시,보건진료소,직산읍,N
충남,천안시,보건진료소,입장면,N
충남,천안시,일반보건지소,성거읍,N
충남,천안시,건강생활지원센터,성정동,N
충남,천안시,일반보건지소,성환읍,N
충남,천안시,보건진료소,성환읍,N
충남,천안시,보건진료소,성환읍,N
충남,천안시,보건진료소,성환읍,N
충남,천안시,보건진료소,직산읍,N
충남,천안시,일반보건지소,입장면,N
충남,천안시,일반보건지소,성거읍,N
충남,청양군,보건의료원,청양읍,N
충남,청양군,보건진료소,운곡면,N
충남,청양군,일반보건지소,남양면,N
충남,청양군,일반보건지소,대치면,N
충남,청양군,일반보건지소,목면,N
충남,청양군,보건진료소,장평면,N
충남,청양군,보건진료소,남양면,N
충남,청양군,일반보건지소,비봉면,N
충남,청양군,보건진료소,화성면,N
충남,청양군,보건진료소,목면,N
충남,청양군,보건진료소,남양면,N
충남,청양군,보건진료소,정산면,N
충남,청양군,보건진료소,청남면,N
충남,청양군,보건진료소,비봉면,N
충남,청양군,일반보건지소,운곡면,N
충남,청양군,보건진료소,대치면,N
충남,청양군,일반보건지소,장평면,N
충남,청양군,일반보건지소,정산면,N
충남,청양군,보건진료소,목면,N
충남,청양군,일반보건지소,청남면,N
충남,청양군,보건진료소,정산면,N
충남,청양군,보건진료소,장평면,N
충남,청양군,일반보건지소,화성면,N
충남,태안군,보건의료원,태안읍,N
충남,태안군,일반보건지소,고남면,N
충남,태안군,보건진료소,이원면,N
충남,태안군,일반보건지소,근흥면,N
충남,태안군,일반보건지소,남면,N
충남,태안군,보건진료소,태안읍,N
충남,태안군,보건진료소,소원면,N
충남,태안군,보건진료소,소원면,N
충남,태안군,보건진료소,태안읍,N
충남,태안군,일반보건지소,소원면,N
충남,태안군,보건진료소,원북면,N
충남,태안군,보건진료소,남면,N
충남,태안군,보건진료소,근흥면,N
충남,태안군,건강생활지원센터,안면읍,N
충남,태안군,일반보건지소,원북면,N
충남,태안군,보건진료소,소원면,N
충남,태안군,일반보건지소,이원면,N
충남,태안군,보건진료소,고남면,N
충남,태안군,보건진료소,근흥면,N
충남,태안군,보건진료소,안면읍,N
충남,태안군,보건진료소,안면읍,N
충남,태안군,보건진료소,소원면,N
충남,태안군,보건진료소,안면읍,N
충남,태안군,보건진료소,원북면,N
충남,홍성군,보건소,홍성읍,N
충남,홍성군,일반보건지소,갈산면,N
충남,홍성군,일반보건지소,결성면,N
충남,홍성군,보건진료소,장곡면,N
충남,홍성군,일반보건지소,광천읍,N
충남,홍성군,일반보건지소,구항면,N
충남,홍성군,보건진료소,홍동면,N
충남,홍성군,일반보건지소,금마면,N
충남,홍성군,보건진료소,서부면,N
충남,홍성군,일반보건지소,홍북읍,N
충남,홍성군,보건진료소,은하면,N
충남,홍성군,보건진료소,구항면,N
충남,홍성군,보건진료소,금마면,N
충남,홍성군,보건진료소,홍북읍,N
충남,홍성군,보건진료소,갈산면,N
충남,홍성군,일반보건지소,서부면,N
충남,홍성군,보건진료소,결성면,N
충남,홍성군,보건진료소,홍북읍,N
충남,홍성군,보건진료소,결성면,N
충남,홍성군,일반보건지소,은하면,N
충남,홍성군,일반보건지소,장곡면,N
충남,홍성군,보건진료소,장곡면,N
충남,홍성군,보건진료소,서부면,N
충남,홍성군,일반보건지소,홍동면,N
충남,홍성군,일반보건지소,홍북읍,N
충남,홍성군,보건진료소,홍동면,N
전북,고창군,보건소,고창읍,N
전북,고창군,보건진료소,신림면,N
전북,고창군,보건진료소,무장면,N
전북,고창군,일반보건지소,고수면,N
전북,고창군,일반보건지소,공음면,N
전북,고창군,보건진료소,성송면,N
전북,고창군,보건진료소,해리면,N
전북,고창군,보건진료소,성내면,N
전북,고창군,보건진료소,고수면,N
전북,고창군,일반보건지소,대산면,N
전북,고창군,보건진료소,성내면,N
전북,고창군,보건진료소,고창읍,N
전북,고창군,일반보건지소,무장면,N
전북,고창군,보건진료소,아산면,N
전북,고창군,보건진료소,고창읍,N
전북,고창군,일반보건지소,부안면,N
전북,고창군,보건진료소,해리면,N
전북,고창군,보건진료소,부안면,N
전북,고창군,보건진료소,상하면,N
전북,고창군,보건진료소,부안면,N
전북,고창군,일반보건지소,성내면,N
전북,고창군,보건진료소,대산면,N
전북,고창군,일반보건지소,성송면,N
전북,고창군,보건진료소,공음면,N
전북,고창군,일반보건지소,신림면,N
전북,고창군,일반보건지소,심원면,N
전북,고창군,일반보건지소,아산면,N
전북,고창군,보건진료소,흥덕면,N
전북,고창군,보건진료소,상하면,N
전북,고창군,보건진료소,상하면,N
전북,고창군,보건진료소,심원면,N
전북,고창군,보건진료소,공음면,N
전북,고창군,보건진료소,심원면,N
전북,고창군,보건진료소,대산면,N
전북,고창군,통합보건지소,해리면,N
전북,고창군,보건진료소,흥덕면,N
전북,고창군,일반보건지소,흥덕면,N
전북,군산시,보건소,수송동,N
전북,군산시,일반보건지소,옥도면,Y
전북,군산시,일반보건지소,개정면,N
전북,군산시,일반보건지소,오식도동,N
전북,군산시,보건진료소,옥산면,N
전북,군산시,보건진료소,서수면,N
전북,군산시,일반보건지소,나포면,N
전북,군산시,보건진료소,옥산면,N
전북,군산시,보건진료소,대야면,N
전북,군산시,일반보건지소,대야면,N
전북,군산시,보건진료소,대야면,N
전북,군산시,보건진료소,옥도면,Y
전북,군산시,보건진료소,옥도면,Y
전북,군산시,보건진료소,서수면,N
전북,군산시,건강생활지원센터,소룡동,N
전북,군산시,일반보건지소,서수면,N
전북,군산시,일반보건지소,옥도면,Y
전북,군산시,보건진료소,성산면,N
전북,군산시,일반보건지소,성산면,N
전북,군산시,보건진료소,임피면,N
전북,군산시,보건진료소,회현면,N
전북,군산시,보건진료소,옥도면,N
전북,군산시,일반보건지소,옥도면,Y
전북,군산시,보건진료소,옥도면,Y
전북,군산시,보건진료소,산북동,N
전북,군산시,일반보건지소,옥구읍,N
전북,군산시,일반보건지소,옥산면,N
전북,군산시,통합보건지소,옥서면,N
전북,군산시,보건진료소,옥구읍,N
전북,군산시,보건진료소,나포면,N
전북,군산시,보건진료소,회현면,N
전북,군산시,일반보건지소,임피면,N
전북,군산시,보건진료소,성산면,N
전북,군산시,일반보건지소,회현면,N
전북,김제시,보건소,요촌동,N
전북,김제시,일반보건지소,공덕면,N
전북,김제시,보건진료소,청하면,N
전북,김제시,일반보건지소,광활면,N
전북,김제시,일반보건지소,금구면,N
전북,김제시,일반보건지소,금산면,N
전북,김제시,보건진료소,황산면,N
전북,김제시,보건진료소,만경읍,N
전북,김제시,보건진료소,광활면,N
전북,김제시,일반보건지소,만경읍,N
전북,김제시,보건진료소,용지면,N
전북,김제시,보건진료소,용지면,N
전북,김제시,일반보건지소,백구면,N
전북,김제시,보건진료소,순동,N
전북,김제시,보건진료소,복죽동,N
전북,김제시,일반보건지소,봉남면,N
전북,김제시,일반보건지소,부량면,N
전북,김제시,보건진료소,백산면,N
전북,김제시,보건진료소,백구면,N
전북,김제시,보건진료소,금구면,N
전북,김제시,보건진료소,백산면,N
전북,김제시,일반보건지소,성덕면,N
전북,김제시,보건진료소,성덕면,N
전북,김제시,보건진료소,성덕면,N
전북,김제시,보건진료소,부량면,N
전북,김제시,보건진료소,진봉면,N
전북,김제시,보건진료소,월성동,N
전북,김제시,일반보건지소,용지면,N
전북,김제시,보건진료소,금산면,N
전북,김제시,보건진료소,만경읍,N
전북,김제시,보건진료소,백산면,N
전북,김제시,일반보건지소,죽산면,N
전북,김제시,일반보건지소,진봉면,N
전북,김제시,보건진료소,광활면,N
전북,김제시,일반보건지소,청하면,N
전북,김제시,보건진료소,금산면,N
전북,김제시,보건진료소,죽산면,N
전북,김제시,일반보건지소,황산면,N
전북,김제시,보건진료소,공덕면,N
전북,김제시,보건진료소,봉남면,N
전북,남원시,보건소,조산동,N
전북,남원시,보건진료소,인월면,N
전북,남원시,보건진료소,운봉읍,N
전북,남원시,통합보건지소,금지면,N
전북,남원시,보건진료소,이백면,N
전북,남원시,보건진료소,수지면,N
전북,남원시,일반보건지소,대강면,N
전북,남원시,보건진료소,대산면,N
전북,남원시,일반보건지소,대산면,N
전북,남원시,보건진료소,산동면,N
전북,남원시,보건진료소,사매면,N
전북,남원시,일반보건지소,덕과면,N
전북,남원시,보건진료소,주천면,N
전북,남원시,보건진료소,주생면,N
전북,남원시,보건진료소,운봉읍,N
전북,남원시,일반보건지소,보절면,N
전북,남원시,보건진료소,아영면,N
전북,남원시,보건진료소,산동면,N
전북,남원시,일반보건지소,사매면,N
전북,남원시,보건진료소,보절면,N
전북,남원시,일반보건지소,산내면,N
전북,남원시,일반보건지소,산동면,N
전북,남원시,보건진료소,대강면,N
전북,남원시,보건진료소,사매면,N
전북,남원시,일반보건지소,송동면,N
전북,남원시,일반보건지소,수지면,N
전북,남원시,보건진료소,대강면,N
전북,남원시,보건진료소,덕과면,N
전북,남원시,보건진료소,금지면,N
전북,남원시,일반보건지소,아영면,N
전북,남원시,보건진료소,송동면,N
전북,남원시,보건진료소,덕과면,N
전북,남원시,일반보건지소,운봉읍,N
전북,남원시,일반보건지소,이백면,N
전북,남원시,일반보건지소,인월면,N
전북,남원시,보건진료소,운봉읍,N
전북,남원시,보건진료소,송동면,N
전북,남원시,일반보건지소,주천면,N
전북,남원시,보건진료소,보절면,N
전북,남원시,보건진료소,주천면,N
전북,무주군,보건의료원,무주읍,N
전북,무주군,보건진료소,부남면,N
전북,무주군,보건진료소,안성면,N
전북,무주군,보건진료소,안성면,N
전북,무주군,보건진료소,설천면,N
전북,무주군,보건진료소,설천면,N
전북,무주군,보건진료소,무풍면,N
전북,무주군,일반보건지소,무풍면,N
전북,무주군,일반보건지소,부남면,N
전북,무주군,보건진료소,적상면,N
전북,무주군,보건진료소,적상면,N
전북,무주군,일반보건지소,설천면,N
전북,무주군,일반보건지소,안성면,N
전북,무주군,보건진료소,부남면,N
전북,무주군,일반보건지소,적상면,N
전북,무주군,보건진료소,안성면,N
전북,부안군,보건소,부안읍,N
전북,부안군,보건진료소,변산면,N
전북,부안군,일반보건지소,계화면,N
전북,부안군,보건진료소,계화면,N
전북,부안군,보건진료소,부안읍,N
전북,부안군,보건진료소,백산면,N
전북,부안군,보건진료소,행안면,N
전북,부안군,보건진료소,주산면,N
전북,부안군,보건진료소,계화면,N
전북,부안군,일반보건지소,동진면,N
전북,부안군,일반보건지소,백산면,N
전북,부안군,일반보건지소,변산면,N
전북,부안군,일반보건지소,보안면,N
전북,부안군,보건진료소,보안면,N
전북,부안군,일반보건지소,상서면,N
전북,부안군,보건진료소,위도면,Y
전북,부안군,일반보건지소,위도면,Y
전북,부안군,보건진료소,계화면,N
전북,부안군,일반보건지소,주산면,N
전북,부안군,일반보건지소,줄포면,N
전북,부안군,보건진료소,동진면,N
전북,부안군,일반보건지소,진서면,N
전북,부안군,일반보건지소,하서면,N
전북,순창군,보건의료원,순창읍,N
전북,순창군,일반보건지소,구림면,N
전북,순창군,보건진료소,동계면,N
전북,순창군,일반보건지소,금과면,N
전북,순창군,보건진료소,쌍치면,N
전북,순창군,보건진료소,구림면,N
전북,순창군,보건진료소,동계면,N
전북,순창군,보건진료소,적성면,N
전북,순창군,보건진료소,복흥면,N
전북,순창군,보건진료소,팔덕면,N
전북,순창군,일반보건지소,동계면,N
전북,순창군,보건진료소,복흥면,N
전북,순창군,보건진료소,금과면,N
전북,순창군,보건진료소,쌍치면,N
전북,순창군,일반보건지소,복흥면,N
전북,순창군,보건진료소,동계면,N
전북,순창군,일반보건지소,쌍치면,N
전북,순창군,보건진료소,풍산면,N
전북,순창군,보건진료소,인계면,N
전북,순창군,보건진료소,구림면,N
전북,순창군,일반보건지소,유등면,N
전북,순창군,보건진료소,구림면,N
전북,순창군,일반보건지소,인계면,N
전북,순창군,일반보건지소,적성면,N
전북,순창군,일반보건지소,팔덕면,N
전북,순창군,보건진료소,풍산면,N
전북,순창군,일반보건지소,풍산면,N
전북,순창군,보건진료소,쌍치면,N
전북,완주군,보건소,삼례읍,N
전북,완주군,보건진료소,경천면,N
전북,완주군,일반보건지소,경천면,N
전북,완주군,일반보건지소,고산면,N
전북,완주군,일반보건지소,구이면,N
전북,완주군,보건진료소,운주면,N
전북,완주군,보건진료소,구이면,N
전북,완주군,일반보건지소,동상면,N
전북,완주군,일반보건지소,봉동읍,N
전북,완주군,일반보건지소,비봉면,N
전북,완주군,보건진료소,운주면,N
전북,완주군,보건진료소,소양면,N
전북,완주군,일반보건지소,상관면,N
전북,완주군,보건진료소,봉동읍,N
전북,완주군,일반보건지소,소양면,N
전북,완주군,보건진료소,고산면,N
전북,완주군,보건진료소,동상면,N
전북,완주군,보건진료소,화산면,N
전북,완주군,보건진료소,소양면,N
전북,완주군,보건진료소,상관면,N
전북,완주군,일반보건지소,용진읍,N
전북,완주군,보건진료소,용진면,N
전북,완주군,보건진료소,화산면,N
전북,완주군,일반보건지소,운주면,N
전북,완주군,보건진료소,이서면,N
전북,완주군,일반보건지소,이서면,N
전북,완주군,보건진료소,비봉면,N
전북,완주군,보건진료소,봉동읍,N
전북,완주군,보건진료소,구이면,N
전북,완주군,일반보건지소,화산면,N
전북,익산시,보건소,신동,N
전북,익산시,건강생활지원센터,인화동2가,N
전북,익산시,보건진료소,망성면,N
전북,익산시,일반보건지소,낭산면,N
전북,익산시,보건진료소,낭산면,N
전북,익산시,보건진료소,망성면,N
전북,익산시,보건진료소,성당면,N
전북,익산시,보건진료소,삼기면,N
전북,익산시,보건진료소,금마면,N
전북,익산시,건강생활지원센터,금마면,N
전북,익산시,보건진료소,금마면,N
전북,익산시,보건진료소,성당면,N
전북,익산시,일반보건지소,망성면,N
전북,익산시,일반보건지소,삼기면,N
전북,익산시,보건진료소,왕궁면,N
전북,익산시,보건진료소,용안면,N
전북,익산시,보건진료소,망성면,N
전북,익산시,보건진료소,황등면,N
전북,익산시,일반보건지소,성당면,N
전북,익산시,보건진료소,웅포면,N
전북,익산시,보건진료소,오산면,N
전북,익산시,보건진료소,황등면,N
전북,익산시,보건진료소,함라면,N
전북,익산시,보건진료소,용동면,N
전북,익산시,일반보건지소,여산면,N
전북,익산시,보건진료소,삼기면,N
전북,익산시,일반보건지소,오산면,N
전북,익산시,일반보건지소,왕궁면,N
전북,익산시,보건진료소,왕궁면,N
전북,익산시,일반보건지소,용동면,N
전북,익산시,일반보건지소,용안면,N
전북,익산시,일반보건지소,웅포면,N
전북,익산시,보건진료소,춘포면,N
전북,익산시,보건진료소,낭산면,N
전북,익산시,일반보건지소,춘포면,N
전북,익산시,보건진료소,춘포면,N
전북,익산시,보건진료소,여산면,N
전북,익산시,보건진료소,웅포면,N
전북,익산시,일반보건지소,함라면,N
전북,익산시,일반보건지소,함열읍,N
전북,익산시,일반보건지소,황등면,N
전북,임실군,보건의료원,임실읍,N
전북,임실군,일반보건지소,강진면,N
전북,임실군,일반보건지소,관촌면,N
전북,임실군,일반보건지소,덕치면,N
전북,임실군,보건진료소,관촌면,N
전북,임실군,보건진료소,오수면,N
전북,임실군,보건진료소,오수면,N
전북,임실군,보건진료소,관촌면,N
전북,임실군,보건진료소,오수면,N
전북,임실군,보건진료소,신평면,N
전북,임실군,보건진료소,덕치면,N
전북,임실군,일반보건지소,삼계면,N
전북,임실군,보건진료소,운암면,N
전북,임실군,일반보건지소,성수면,N
전북,임실군,보건진료소,삼계면,N
전북,임실군,보건진료소,삼계면,N
전북,임실군,일반보건지소,신덕면,N
전북,임실군,보건진료소,신덕면,N
전북,임실군,보건진료소,임실읍,N
전북,임실군,보건진료소,관촌면,N
전북,임실군,일반보건지소,신평면,N
전북,임실군,보건진료소,성수면,N
전북,임실군,일반보건지소,오수면,N
전북,임실군,보건진료소,강진면,N
전북,임실군,일반보건지소,운암면,N
전북,임실군,보건진료소,지사면,N
전북,임실군,일반보건지소,지사면,N
전북,임실군,보건진료소,신덕면,N
전북,임실군,일반보건지소,청웅면,N
전북,임실군,보건진료소,운암면,N
전북,임실군,보건진료소,강진면,N
전북,임실군,보건진료소,운암면,N
전북,장수군,보건의료원,장수읍,N
전북,장수군,일반보건지소,계남면,N
전북,장수군,일반보건지소,계북면,N
전북,장수군,보건진료소,산서면,N
전북,장수군,보건진료소,번암면,N
전북,장수군,보건진료소,계남면,N
전북,장수군,보건진료소,천천면,N
전북,장수군,보건진료소,장계면,N
전북,장수군,보건진료소,장수읍,N
전북,장수군,보건진료소,번암면,N
전북,장수군,보건진료소,산서면,N
전북,장수군,보건진료소,장계면,N
전북,장수군,일반보건지소,번암면,N
전북,장수군,일반보건지소,산서면,N
전북,장수군,보건진료소,계북면,N
전북,장수군,보건진료소,천천면,N
전북,장수군,건강생활지원센터,장계면,N
전북,장수군,일반보건지소,천천면,N
전북,전주시,보건소,중앙동4가,N
전북,전주시,보건진료소,금상동,N
전북,전주시,보건진료소,강흥동,N
전북,전주시,보건진료소,중인동,N
전북,전주시,일반보건지소,평화동2가,N
전북,정읍시,보건소,수성동,N
전북,정읍시,일반보건지소,감곡면,N
전북,정읍시,일반보건지소,고부면,N
전북,정읍시,보건진료소,태인면,N
전북,정읍시,보건진료소,소성면,N
전북,정읍시,일반보건지소,덕천면,N
전북,정읍시,보건진료소,이평면,N
전북,정읍시,보건진료소,태인면,N
전북,정읍시,보건진료소,칠보면,N
전북,정읍시,보건진료소,신태인읍,N
전북,정읍시,보건진료소,칠보면,N
전북,정읍시,보건진료소,고부면,N
전북,정읍시,보건진료소,북면,N
전북,정읍시,일반보건지소,북면,N
전북,정읍시,일반보건지소,산내면,N
전북,정읍시,보건진료소,옹동면,N
전북,정읍시,일반보건지소,산외면,N
전북,정읍시,보건진료소,덕천면,N
전북,정읍시,일반보건지소,상동,N
전북,정읍시,일반보건지소,소성면,N
전북,정읍시,보건진료소,신정동,N
전북,정읍시,일반보건지소,신태인읍,N
전북,정읍시,보건진료소,소성면,N
전북,정읍시,보건진료소,신태인읍,N
전북,정읍시,일반보건지소,영원면,N
전북,정읍시,일반보건지소,옹동면,N
전북,정읍시,보건진료소,옹동면,N
전북,정읍시,보건진료소,감곡면,N
전북,정읍시,일반보건지소,이평면,N
전북,정읍시,일반보건지소,입암면,N
전북,정읍시,보건진료소,산내면,N
전북,정읍시,보건진료소,북면,N
전북,정읍시,일반보건지소,정우면,N
전북,정읍시,보건진료소,산외면,N
전북,정읍시,보건진료소,이평면,N
전북,정읍시,보건진료소,입암면,N
전북,정읍시,일반보건지소,칠보면,N
전북,정읍시,보건진료소,북면,N
전북,정읍시,일반보건지소,태인면,N
전북,정읍시,보건진료소,감곡면,N
전북,정읍시,보건진료소,영원면,N
전북,정읍시,보건진료소,신태인읍,N
전북,정읍시,보건진료소,정우면,N
전북,진안군,보건소,진안읍,N
전북,진안군,보건진료소,동향면,N
전북,진안군,보건진료소,주천면,N
전북,진안군,보건진료소,마령면,N
전북,진안군,일반보건지소,동향면,N
전북,진안군,일반보건지소,마령면,N
전북,진안군,보건진료소,주천면,N
전북,진안군,보건진료소,백운면,N
전북,진안군,일반보건지소,백운면,N
전북,진안군,일반보건지소,부귀면,N
전북,진안군,일반보건지소,상전면,N
전북,진안군,일반보건지소,성수면,N
전북,진안군,보건진료소,부귀면,N
전북,진안군,보건진료소,부귀면,N
전북,진안군,일반보건지소,안천면,N
전북,진안군,일반보건지소,용담면,N
전북,진안군,보건진료소,상전면,N
전북,진안군,일반보건지소,정천면,N
전북,진안군,보건진료소,성수면,N
전북,진안군,보건진료소,성수면,N
전북,진안군,일반보건지소,주천면,N
전북,진안군,보건진료소,백운면,N
전북,진안군,보건진료소,동향면,N
전남,강진군,보건소,강진읍,N
전남,강진군,보건진료소,도암면,N
전남,강진군,보건진료소,대구면,N
전남,강진군,일반보건지소,군동면,N
전남,강진군,보건진료소,칠량면,N
전남,강진군,일반보건지소,대구면,N
전남,강진군,일반보건지소,도암면,N
전남,강진군,일반보건지소,마량면,N
전남,강진군,일반보건지소,병영면,N
전남,강진군,일반보건지소,성전면,N
전남,강진군,보건진료소,신전면,N
전남,강진군,보건진료소,도암면,N
전남,강진군,일반보건지소,신전면,N
전남,강진군,보건진료소,옴천면,N
전남,강진군,일반보건지소,옴천면,N
전남,강진군,보건진료소,작천면,N
전남,강진군,일반보건지소,작천면,N
전남,강진군,일반보건지소,칠량면,N
전남,고흥군,보건소,고흥읍,N
전남,고흥군,보건진료소,도덕면,N
전남,고흥군,보건진료소,도화면,N
전남,고흥군,일반보건지소,과역면,N
전남,고흥군,보건진료소,영남면,N
전남,고흥군,일반보건지소,금산면,N
전남,고흥군,보건진료소,포두면,N
전남,고흥군,일반보건지소,남양면,N
전남,고흥군,보건진료소,영남면,N
전남,고흥군,보건진료소,과역면,N
전남,고흥군,일반보건지소,대서면,N
전남,고흥군,보건진료소,두원면,N
전남,고흥군,일반보건지소,도덕면,N
전남,고흥군,일반보건지소,도양읍,N
전남,고흥군,일반보건지소,도화면,N
전남,고흥군,일반보건지소,동강면,N
전남,고흥군,일반보건지소,동일면,N
전남,고흥군,일반보건지소,두원면,N
전남,고흥군,일반보건지소,두원면,N
전남,고흥군,보건진료소,도양읍,Y
전남,고흥군,보건진료소,남양면,N
전남,고흥군,보건진료소,도화면,N
전남,고흥군,보건진료소,과역면,N
전남,고흥군,일반보건지소,봉래면,N
전남,고흥군,보건진료소,봉래면,Y
전남,고흥군,보건진료소,포두면,N
전남,고흥군,보건진료소,도양읍,Y
전남,고흥군,보건진료소,대서면,N
전남,고흥군,보건진료소,금산면,N
전남,고흥군,보건진료소,도화면,N
전남,고흥군,보건진료소,금산면,Y
전남,고흥군,일반보건지소,영남면,N
전남,고흥군,보건진료소,금산면,N
전남,고흥군,보건진료소,포두면,N
전남,고흥군,보건진료소,포두면,N
전남,고흥군,일반보건지소,점암면,N
전남,고흥군,보건진료소,동강면,N
전남,고흥군,보건진료소,도화면,N
전남,고흥군,일반보건지소,포두면,N
전남,고흥군,보건진료소,풍양면,N
전남,고흥군,보건진료소,두원면,N
전남,고흥군,일반보건지소,풍양면,N
전남,고흥군,보건진료소,점암면,N
전남,곡성군,보건의료원,곡성읍,N
전남,곡성군,일반보건지소,고달면,N
전남,곡성군,보건진료소,삼기면,N
전남,곡성군,보건진료소,겸면,N
전남,곡성군,보건진료소,목사동면,N
전남,곡성군,보건진료소,죽곡면,N
전남,곡성군,일반보건지소,목사동면,N
전남,곡성군,보건진료소,고달면,N
전남,곡성군,보건진료소,오산면,N
전남,곡성군,보건진료소,죽곡면,N
전남,곡성군,일반보건지소,삼기면,N
전남,곡성군,보건진료소,입면,N
전남,곡성군,일반보건지소,석곡면,N
전남,곡성군,보건진료소,오산면,N
전남,곡성군,보건진료소,오곡면,N
전남,곡성군,보건진료소,석곡면,N
전남,곡성군,보건진료소,석곡면,N
전남,곡성군,일반보건지소,오곡면,N
전남,곡성군,통합보건지소,옥과면,N
전남,곡성군,일반보건지소,입면,N
전남,곡성군,일반보건지소,죽곡면,N
전남,곡성군,보건진료소,목사동면,N
전남,곡성군,보건진료소,옥과면,N
전남,곡성군,보건진료소,겸면,N
전남,광양시,보건소,광양읍,N
전남,광양시,일반보건지소,태인동,N
전남,광양시,건강생활지원센터,광영동,N
전남,광양시,보건진료소,다압면,N
전남,광양시,일반보건지소,다압면,N
전남,광양시,보건진료소,옥곡면,N
전남,광양시,보건진료소,다압면,N
전남,광양시,보건진료소,옥룡면,N
전남,광양시,일반보건지소,봉강면,N
전남,광양시,보건진료소,광양읍,N
전남,광양시,보건진료소,광양읍,N
전남,광양시,보건진료소,진상면,N
전남,광양시,보건진료소,진월면,N
전남,광양시,일반보건지소,옥곡면,N
전남,광양시,일반보건지소,옥룡면,N
전남,광양시,보건진료소,진월면,N
전남,광양시,보건진료소,봉강면,N
전남,광양시,보건진료소,옥룡면,N
전남,광양시,통합보건지소,중동,N
전남,광양시,일반보건지소,진상면,N
전남,광양시,일반보건지소,진월면,N
전남,광양시,보건진료소,옥룡면,N
전남,광양시,보건진료소,태인동,N
전남,광양시,보건진료소,황길동,N
전남,구례군,보건의료원,구례읍,N
전남,구례군,일반보건지소,간전면,N
전남,구례군,보건진료소,구례읍,N
전남,구례군,보건진료소,산동면,N
전남,구례군,일반보건지소,광의면,N
전남,구례군,보건진료소,토지면,N
전남,구례군,보건진료소,용방면,N
전남,구례군,일반보건지소,마산면,N
전남,구례군,일반보건지소,문척면,N
전남,구례군,일반보건지소,산동면,N
전남,구례군,보건진료소,토지면,N
전남,구례군,보건진료소,산동면,N
전남,구례군,일반보건지소,용방면,N
전남,구례군,보건진료소,산동면,N
전남,구례군,보건진료소,산동면,N
전남,구례군,보건진료소,문척면,N
전남,구례군,보건진료소,문척면,N
전남,구례군,일반보건지소,토지면,N
전남,구례군,보건진료소,간전면,N
전남,구례군,보건진료소,간전면,N
전남,나주시,보건소,이창동,N
전남,나주시,보건진료소,공산면,N
전남,나주시,보건진료소,공산면,N
전남,나주시,일반보건지소,공산면,N
전남,나주시,일반보건지소,금천면,N
전남,나주시,보건진료소,남평읍,N
전남,나주시,보건진료소,노안면,N
전남,나주시,보건진료소,노안면,N
전남,나주시,일반보건지소,노안면,N
전남,나주시,보건진료소,다도면,N
전남,나주시,일반보건지소,다도면,N
전남,나주시,일반보건지소,다시면,N
전남,나주시,보건진료소,동강면,N
전남,나주시,일반보건지소,동강면,N
전남,나주시,보건진료소,동강면,N
전남,나주시,보건진료소,문평면,N
전남,나주시,일반보건지소,문평면,N
전남,나주시,일반보건지소,반남면,N
전남,나주시,보건진료소,반남면,N
전남,나주시,일반보건지소,봉황면,N
전남,나주시,보건진료소,봉황면,N
전남,나주시,보건진료소,봉황면,N
전남,나주시,건강생활지원센터,빛가람동,N
전남,나주시,일반보건지소,산포면,N
전남,나주시,일반보건지소,세지면,N
전남,나주시,보건진료소,왕곡면,N
전남,나주시,일반보건지소,왕곡면,N
전남,나주시,보건진료소,왕곡면,N
전남,나주시,보건진료소,왕곡면,N
전남,나주시,일반보건지소,금계동,N
전남,담양군,보건소,담양읍,N
전남,담양군,일반보건지소,가사문학면,N
전남,담양군,일반보건지소,고서면,N
전남,담양군,보건진료소,대덕면,N
전남,담양군,일반보건지소,금성면,N
전남,담양군,일반보건지소,대덕면,N
전남,담양군,일반보건지소,대전면,N
전남,담양군,보건진료소,금성면,N
전남,담양군,일반보건지소,무정면,N
전남,담양군,보건진료소,월산면,N
전남,담양군,일반보건지소,봉산면,N
전남,담양군,보건진료소,대전면,N
전남,담양군,보건진료소,수북면,N
전남,담양군,일반보건지소,수북면,N
전남,담양군,보건진료소,봉산면,N
전남,담양군,보건진료소,금성면,N
전남,담양군,보건진료소,대덕면,N
전남,담양군,일반보건지소,용면,N
전남,담양군,보건진료소,용면,N
전남,담양군,보건진료소,고서면,N
전남,담양군,일반보건지소,월산면,N
전남,담양군,보건진료소,가사문학면,N
전남,담양군,일반보건지소,창평면,N
전남,목포시,보건소,산정동,N
전남,목포시,일반보건지소,석현동,N
전남,무안군,보건소,무안읍,N
전남,무안군,보건진료소,일로읍,N
전남,무안군,건강생활지원센터,삼향읍,N
전남,무안군,보건진료소,청계면,N
전남,무안군,보건진료소,해제면,N
전남,무안군,일반보건지소,망운면,N
전남,무안군,일반보건지소,몽탄면,N
전남,무안군,보건진료소,몽탄면,N
전남,무안군,보건진료소,몽탄면,N
전남,무안군,일반보건지소,삼향읍,N
전남,무안군,보건진료소,운남면,N
전남,무안군,보건진료소,망운면,N
전남,무안군,일반보건지소,운남면,N
전남,무안군,일반보건지소,일로읍,N
전남,무안군,보건진료소,일로읍,N
전남,무안군,보건진료소,해제면,N
전남,무안군,일반보건지소,청계면,N
전남,무안군,보건진료소,해제면,N
전남,무안군,보건진료소,현경면,N
전남,무안군,일반보건지소,해제면,N
전남,무안군,일반보건지소,현경면,N
전남,보성군,보건소,보성읍,N
전남,보성군,일반보건지소,겸백면,N
전남,보성군,보건진료소,벌교읍,N
전남,보성군,보건진료소,노동면,N
전남,보성군,보건진료소,문덕면,N
전남,보성군,일반보건지소,노동면,N
전남,보성군,일반보건지소,득량면,N
전남,보성군,보건진료소,득량면,N
전남,보성군,보건진료소,노동면,N
전남,보성군,일반보건지소,문덕면,N
전남,보성군,일반보건지소,벌교읍,N
전남,보성군,일반보건지소,복내면,N
전남,보성군,보건진료소,득량면,N
전남,보성군,보건진료소,벌교읍,N
전남,보성군,보건진료소,조성면,N
전남,보성군,보건진료소,미력면,N
전남,보성군,일반보건지소,웅치면,N
전남,보성군,일반보건지소,율어면,N
전남,보성군,보건진료소,겸백면,N
전남,보성군,보건진료소,율어면,N
전남,보성군,보건진료소,벌교읍,Y
전남,보성군,보건진료소,벌교읍,N
전남,보성군,일반보건지소,조성면,N
전남,보성군,보건진료소,회천면,N
전남,보성군,보건진료소,회천면,N
전남,보성군,일반보건지소,회천면,N
전남,순천시,보건소,석현동,N
전남,순천시,보건진료소,서면,N
전남,순천시,일반보건지소,낙안면,N
전남,순천시,보건진료소,외서면,N
전남,순천시,보건진료소,승주읍,N
전남,순천시,보건진료소,상사면,N
전남,순천시,보건진료소,별량면,N
전남,순천시,보건진료소,월등면,N
전남,순천시,일반보건지소,별량면,N
전남,순천시,보건진료소,황전면,N
전남,순천시,일반보건지소,상사면,N
전남,순천시,보건진료소,해룡면,N
전남,순천시,일반보건지소,송광면,N
전남,순천시,보건진료소,별량면,N
전남,순천시,건강생활지원센터,연향동,N
전남,순천시,일반보건지소,승주읍,N
전남,순천시,건강생활지원센터,해룡면,N
전남,순천시,보건진료소,월등면,N
전남,순천시,보건진료소,낙안면,N
전남,순천시,보건진료소,상사면,N
전남,순천시,보건진료소,주암면,N
전남,순천시,일반보건지소,외서면,N
전남,순천시,보건진료소,주암면,N
전남,순천시,일반보건지소,월등면,N
전남,순천시,일반보건지소,주암면,N
전남,순천시,보건진료소,낙안면,N
전남,순천시,보건진료소,주암면,N
전남,순천시,보건진료소,서면,N
전남,순천시,보건진료소,황전면,N
전남,순천시,보건진료소,해룡면,N
전남,순천시,보건진료소,별량면,N
전남,순천시,일반보건지소,황전면,N
전남,순천시,보건진료소,황전면,N
전남,순천시,보건진료소,송광면,N
전남,신안군,보건소,압해읍,N
전남,신안군,일반보건지소,흑산면,Y
전남,신안군,보건진료소,압해읍,Y
전남,신안군,보건진료소,압해읍,Y
전남,신안군,보건진료소,하의면,Y
전남,신안군,보건진료소,흑산면,Y
전남,신안군,보건진료소,암태면,Y
전남,신안군,보건진료소,흑산면,Y
전남,신안군,일반보건지소,도초면,Y
전남,신안군,보건진료소,장산면,Y
전남,신안군,보건진료소,흑산면,Y
전남,신안군,보건진료소,압해읍,Y
전남,신안군,보건진료소,안좌면,Y
전남,신안군,보건진료소,증도면,Y
전남,신안군,일반보건지소,비금면,Y
전남,신안군,보건진료소,흑산면,Y
전남,신안군,보건진료소,지도읍,Y
전남,신안군,보건진료소,비금면,Y
전남,신안군,일반보건지소,신의면,Y
전남,신안군,일반보건지소,안좌면,Y
전남,신안군,일반보건지소,암태면,Y
전남,신안군,일반보건지소,압해읍,N
전남,신안군,보건진료소,지도읍,Y
전남,신안군,보건진료소,흑산면,Y
전남,신안군,보건진료소,하의면,Y
전남,신안군,보건진료소,도초면,Y
전남,신안군,일반보건지소,임자면,Y
전남,신안군,보건진료소,안좌면,Y
전남,신안군,일반보건지소,자은면,Y
전남,신안군,보건진료소,흑산면,Y
전남,신안군,일반보건지소,장산면,Y
전남,신안군,보건진료소,임자면,Y
전남,신안군,일반보건지소,증도면,N
전남,신안군,일반보건지소,지도읍,N
전남,신안군,보건진료소,암태면,Y
전남,신안군,보건진료소,흑산면,Y
전남,신안군,일반보건지소,팔금면,Y
전남,신안군,일반보건지소,하의면,Y
전남,신안군,일반보건지소,흑산면,Y
전남,신안군,일반보건지소,흑산면,Y
전남,여수시,보건소,학동,N
전남,여수시,보건진료소,화양면,N
전남,여수시,일반보건지소,화정면,Y
전남,여수시,보건진료소,경호동,Y
전남,여수시,보건진료소,돌산읍,N
전남,여수시,일반보건지소,남면,Y
전남,여수시,보건진료소,화정면,Y
전남,여수시,일반보건지소,돌산읍,N
전남,여수시,보건진료소,삼산면,Y
전남,여수시,일반보건지소,공화동,N
전남,여수시,보건진료소,남면,Y
전남,여수시,보건진료소,묘도동,N
전남,여수시,보건진료소,소라면,N
전남,여수시,보건진료소,소라면,N
전남,여수시,보건진료소,소라면,N
전남,여수시,일반보건지소,삼산면,Y
전남,여수시,보건진료소,율촌면,N
전남,여수시,일반보건지소,상암동,N
전남,여수시,보건진료소,화정면,Y
전남,여수시,보건진료소,삼산면,Y
전남,여수시,보건진료소,화양면,N
전남,여수시,보건진료소,삼산면,Y
전남,여수시,보건진료소,돌산읍,Y
전남,여수시,보건진료소,남면,Y
전남,여수시,보건진료소,화정면,Y
전남,여수시,일반보건지소,남면,Y
전남,여수시,일반보건지소,돌산읍,N
전남,여수시,보건진료소,화정면,Y
전남,여수시,보건진료소,남면,Y
전남,여수시,보건진료소,돌산읍,N
전남,여수시,보건진료소,화양면,N
전남,여수시,보건진료소,화정면,Y
전남,여수시,보건진료소,화정면,Y
전남,여수시,보건진료소,돌산읍,N
전남,여수시,일반보건지소,여서동,N
전남,여수시,일반보건지소,삼산면,Y
전남,여수시,보건진료소,돌산읍,N
전남,여수시,일반보건지소,화양면,N
전남,여수시,일반보건지소,화정면,N
전남,여수시,보건진료소,남면,Y
전남,여수시,보건진료소,남면,Y
전남,영광군,보건소,영광읍,N
전남,영광군,보건진료소,군남면,N
전남,영광군,보건진료소,군서면,N
전남,영광군,일반보건지소,군서면,N
전남,영광군,일반보건지소,낙월면,Y
전남,영광군,보건진료소,낙월면,Y
전남,영광군,보건진료소,낙월면,Y
전남,영광군,보건진료소,대마면,N
전남,영광군,일반보건지소,대마면,N
전남,영광군,일반보건지소,묘량면,N
전남,영광군,보건진료소,묘량면,N
전남,영광군,보건진료소,군서면,N
전남,영광군,보건진료소,백수읍,N
전남,영광군,일반보건지소,백수읍,N
전남,영광군,보건진료소,백수읍,N
전남,영광군,보건진료소,법성면,N
전남,영광군,보건진료소,불갑면,N
전남,영광군,일반보건지소,불갑면,N
전남,영광군,일반보건지소,염산면,N
전남,영광군,보건진료소,염산면,N
전남,영광군,보건진료소,홍농읍,N
전남,영암군,보건소,영암읍,N
전남,영암군,보건진료소,신북면,N
전남,영암군,일반보건지소,군서면,N
전남,영암군,보건진료소,서호면,N
전남,영암군,일반보건지소,금정면,N
전남,영암군,보건진료소,금정면,N
전남,영암군,일반보건지소,덕진면,N
전남,영암군,일반보건지소,도포면,N
전남,영암군,보건진료소,군서면,N
전남,영암군,일반보건지소,미암면,N
전남,영암군,보건진료소,미암면,N
전남,영암군,일반보건지소,삼호읍,N
전남,영암군,일반보건지소,서호면,N
전남,영암군,일반보건지소,시종면,N
전남,영암군,일반보건지소,신북면,N
전남,영암군,보건진료소,미암면,N
전남,영암군,보건진료소,시종면,N
전남,영암군,보건진료소,덕진면,N
전남,영암군,보건진료소,학산면,N
전남,영암군,보건진료소,시종면,N
전남,영암군,보건진료소,학산면,N
전남,영암군,보건진료소,영암읍,N
전남,영암군,일반보건지소,학산면,N
전남,영암군,보건진료소,군서면,N
전남,완도군,보건의료원,완도읍,N
전남,완도군,보건진료소,고금면,N
전남,완도군,일반보건지소,고금면,N
전남,완도군,보건진료소,군외면,Y
전남,완도군,일반보건지소,군외면,N
전남,완도군,일반보건지소,금당면,Y
전남,완도군,보건진료소,금당면,Y
전남,완도군,일반보건지소,금일읍,Y
전남,완도군,보건진료소,금일읍,Y
전남,완도군,보건진료소,금일읍,Y
전남,완도군,일반보건지소,노화읍,Y
전남,완도군,보건진료소,노화읍,Y
전남,완도군,일반보건지소,노화읍,Y
전남,완도군,보건진료소,노화읍,Y
전남,완도군,일반보건지소,보길면,Y
전남,완도군,보건진료소,보길면,Y
전남,완도군,보건진료소,보길면,Y
전남,완도군,보건진료소,금일읍,Y
전남,완도군,보건진료소,군외면,Y
전남,완도군,보건진료소,생일면,Y
전남,완도군,일반보건지소,생일면,Y
전남,완도군,일반보건지소,소안면,Y
전남,완도군,보건진료소,소안면,Y
전남,완도군,보건진료소,소안면,Y
전남,완도군,보건진료소,신지면,N
전남,완도군,일반보건지소,신지면,N
전남,완도군,일반보건지소,약산면,N
전남,완도군,보건진료소,약산면,N
전남,완도군,건강생활지원센터,완도읍,N
전남,완도군,보건진료소,청산면,Y
전남,완도군,일반보건지소,청산면,Y
전남,완도군,보건진료소,청산면,Y
전남,장성군,보건소,장성읍,N
전남,장성군,일반보건지소,남면,N
전남,장성군,보건진료소,북하면,N
전남,장성군,일반보건지소,동화면,N
전남,장성군,보건진료소,삼서면,N
전남,장성군,보건진료소,남면,N
전남,장성군,보건진료소,서삼면,N
전남,장성군,보건진료소,삼서면,N
전남,장성군,일반보건지소,북이면,N
전남,장성군,일반보건지소,북일면,N
전남,장성군,일반보건지소,북하면,N
전남,장성군,일반보건지소,삼계면,N
전남,장성군,일반보건지소,삼서면,N
전남,장성군,보건진료소,삼계면,N
전남,장성군,보건진료소,삼서면,N
전남,장성군,일반보건지소,서삼면,N
전남,장성군,보건진료소,북이면,N
전남,장성군,보건진료소,진원면,N
전남,장성군,보건진료소,동화면,N
전남,장성군,일반보건지소,진원면,N
전남,장성군,보건진료소,황룡면,N
전남,장흥군,보건소,장흥읍,N
전남,장흥군,일반보건지소,관산읍,N
전남,장흥군,일반보건지소,대덕읍,N
전남,장흥군,보건진료소,회진면,N
전남,장흥군,보건진료소,유치면,N
전남,장흥군,보건진료소,장평면,N
전남,장흥군,일반보건지소,부산면,N
전남,장흥군,통합보건지소,장평면,N
전남,장흥군,보건진료소,회진면,N
전남,장흥군,보건진료소,관산읍,N
전남,장흥군,보건진료소,용산면,N
전남,장흥군,보건진료소,안양면,N
전남,장흥군,보건진료소,대덕읍,N
전남,장흥군,일반보건지소,안양면,N
전남,장흥군,일반보건지소,용산면,N
전남,장흥군,일반보건지소,유치면,N
전남,장흥군,보건진료소,장동면,N
전남,장흥군,보건진료소,장평면,N
전남,장흥군,보건진료소,관산읍,N
전남,장흥군,일반보건지소,회진면,N
전남,진도군,보건소,진도읍,N
전남,진도군,보건진료소,조도면,Y
전남,진도군,보건진료소,지산면,N
전남,진도군,일반보건지소,고군면,N
전남,진도군,보건진료소,조도면,Y
전남,진도군,보건진료소,조도면,Y
전남,진도군,보건진료소,임회면,N
전남,진도군,일반보건지소,군내면,N
전남,진도군,보건진료소,의신면,N
전남,진도군,보건진료소,지산면,N
전남,진도군,보건진료소,군내면,N
전남,진도군,보건진료소,조도면,Y
전남,진도군,보건진료소,조도면,Y
전남,진도군,보건진료소,조도면,Y
전남,진도군,보건진료소,조도면,Y
전남,진도군,보건진료소,임회면,N
전남,진도군,일반보건지소,의신면,N
전남,진도군,일반보건지소,임회면,N
전남,진도군,일반보건지소,조도면,Y
전남,진도군,보건진료소,임회면,N
전남,진도군,일반보건지소,지산면,N
전남,진도군,보건진료소,고군면,N
전남,함평군,보건소,함평읍,N
전남,함평군,보건진료소,월야면,N
전남,함평군,보건진료소,대동면,N
전남,함평군,보건진료소,학교면,N
전남,함평군,일반보건지소,나산면,N
전남,함평군,보건진료소,해보면,N
전남,함평군,일반보건지소,대동면,N
전남,함평군,보건진료소,대동면,N
전남,함평군,보건진료소,신광면,N
전남,함평군,보건진료소,학교면,N
전남,함평군,보건진료소,손불면,N
전남,함평군,보건진료소,함평읍,N
전남,함평군,보건진료소,함평읍,N
전남,함평군,일반보건지소,손불면,N
전남,함평군,일반보건지소,신광면,N
전남,함평군,보건진료소,월야면,N
전남,함평군,일반보건지소,엄다면,N
전남,함평군,보건진료소,엄다면,N
전남,함평군,보건진료소,나산면,N
전남,함평군,일반보건지소,월야면,N
전남,함평군,보건진료소,손불면,N
전남,함평군,보건진료소,월야면,N
전남,함평군,보건진료소,손불면,N
전남,함평군,일반보건지소,학교면,N
전남,함평군,일반보건지소,해보면,N
전남,해남군,보건소,해남읍,N
전남,해남군,일반보건지소,계곡면,N
전남,해남군,보건진료소,문내면,N
전남,해남군,보건진료소,현산면,N
전남,해남군,보건진료소,산이면,N
전남,해남군,보건진료소,해남읍,N
전남,해남군,보건진료소,산이면,N
전남,해남군,보건진료소,계곡면,N
전남,해남군,보건진료소,옥천면,N
전남,해남군,일반보건지소,마산면,N
전남,해남군,일반보건지소,문내면,N
전남,해남군,일반보건지소,북일면,N
전남,해남군,일반보건지소,북평면,N
전남,해남군,일반보건지소,산이면,N
전남,해남군,보건진료소,화원면,N
전남,해남군,일반보건지소,삼산면,N
전남,해남군,보건진료소,화산면,N
전남,해남군,일반보건지소,송지면,N
전남,해남군,보건진료소,송지면,N
전남,해남군,보건진료소,현산면,N
전남,해남군,보건진료소,송지면,N
전남,해남군,보건진료소,송지면,Y
전남,해남군,보건진료소,화산면,N
전남,해남군,보건진료소,마산면,N
전남,해남군,일반보건지소,옥천면,N
전남,해남군,보건진료소,북평면,N
전남,해남군,보건진료소,북평면,N
전남,해남군,보건진료소,황산면,N
전남,해남군,일반보건지소,현산면,N
전남,해남군,일반보건지소,화산면,N
전남,해남군,일반보건지소,화원면,N
전남,해남군,일반보건지소,황산면,N
전남,화순군,보건소,화순읍,N
전남,화순군,일반보건지소,능주면,N
전남,화순군,보건진료소,사평면,N
전남,화순군,일반보건지소,도곡면,N
전남,화순군,일반보건지소,도암면,N
전남,화순군,보건진료소,한천면,N
전남,화순군,일반보건지소,동면,N
전남,화순군,일반보건지소,동복면,N
전남,화순군,보건진료소,이양면,N
전남,화순군,보건진료소,백아면,N
전남,화순군,보건진료소,동면,N
전남,화순군,보건진료소,이양면,N
전남,화순군,일반보건지소,백아면,N
전남,화순군,일반보건지소,사평면,N
전남,화순군,보건진료소,춘양면,N
전남,화순군,보건진료소,청풍면,N
전남,화순군,보건진료소,화순읍,N
전남,화순군,보건진료소,도곡면,N
전남,화순군,보건진료소,동복면,N
전남,화순군,보건진료소,화순읍,N
전남,화순군,보건진료소,도암면,N
전남,화순군,일반보건지소,이서면,N
전남,화순군,일반보건지소,이양면,N
전남,화순군,일반보건지소,청풍면,N
전남,화순군,일반보건지소,춘양면,N
전남,화순군,일반보건지소,한천면,N
경북,경산시,보건소,중방동,N
경북,경산시,보건진료소,압량읍,N
경북,경산시,보건진료소,남천면,N
경북,경산시,일반보건지소,남산면,N
경북,경산시,일반보건지소,남천면,N
경북,경산시,보건진료소,진량읍,N
경북,경산시,보건진료소,남산면,N
경북,경산시,보건진료소,진량읍,N
경북,경산시,보건진료소,용성면,N
경북,경산시,보건진료소,와촌면,N
경북,경산시,일반보건지소,압량읍,N
경북,경산시,일반보건지소,와촌면,N
경북,경산시,일반보건지소,용성면,N
경북,경산시,보건진료소,용성면,N
경북,경산시,보건진료소,압량읍,N
경북,경산시,일반보건지소,자인면,N
경북,경산시,보건진료소,남산면,N
경북,경산시,일반보건지소,진량읍,N
경북,경산시,일반보건지소,하양읍,N
경북,경주시,보건소,동천동,N
경북,경주시,보건진료소,현곡면,N
경북,경주시,일반보건지소,감포읍,N
경북,경주시,일반보건지소,강동면,N
경북,경주시,일반보건지소,건천읍,N
경북,경주시,일반보건지소,내남면,N
경북,경주시,보건진료소,강동면,N
경북,경주시,보건진료소,산내면,N
경북,경주시,보건진료소,서면,N
경북,경주시,보건진료소,내남면,N
경북,경주시,보건진료소,안강읍,N
경북,경주시,일반보건지소,산내면,N
경북,경주시,보건진료소,양남면,N
경북,경주시,일반보건지소,서면,N
경북,경주시,보건진료소,외동읍,N
경북,경주시,보건진료소,양남면,N
경북,경주시,보건진료소,천북면,N
경북,경주시,일반보건지소,안강읍,N
경북,경주시,일반보건지소,양남면,N
경북,경주시,일반보건지소,양북면,N
경북,경주시,보건진료소,강동면,N
경북,경주시,일반보건지소,외동읍,N
경북,경주시,보건진료소,양북면,N
경북,경주시,보건진료소,산내면,N
경북,경주시,보건진료소,산내면,N
경북,경주시,일반보건지소,천북면,N
경북,경주시,일반보건지소,현곡면,N
경북,경주시,보건진료소,천북면,N
경북,경주시,보건진료소,건천읍,N
경북,고령군,보건소,대가야읍,N
경북,고령군,일반보건지소,개진면,N
경북,고령군,보건진료소,대가야읍,N
경북,고령군,보건진료소,다산면,N
경북,고령군,일반보건지소,다산면,N
경북,고령군,일반보건지소,덕곡면,N
경북,고령군,보건진료소,다산면,N
경북,고령군,보건진료소,우곡면,N
경북,고령군,일반보건지소,성산면,N
경북,고령군,보건진료소,쌍림면,N
경북,고령군,일반보건지소,쌍림면,N
경북,고령군,보건진료소,개진면,N
경북,고령군,보건진료소,성산면,N
경북,고령군,일반보건지소,우곡면,N
경북,고령군,일반보건지소,운수면,N
경북,고령군,보건진료소,쌍림면,N
경북,고령군,보건진료소,대가야읍,N
경북,고령군,보건진료소,개진면,N
경북,구미시,보건소,지산동,N
경북,구미시,일반보건지소,진평동,N
경북,구미시,보건소,선산읍,N
경북,구미시,보건진료소,도개면,N
경북,구미시,일반보건지소,고아읍,N
경북,구미시,보건진료소,옥성면,N
경북,구미시,보건진료소,고아읍,N
경북,구미시,보건진료소,장천면,N
경북,구미시,보건진료소,해평면,N
경북,구미시,보건진료소,도개면,N
경북,구미시,보건진료소,고아읍,N
경북,구미시,보건진료소,옥성면,N
경북,구미시,일반보건지소,도개면,N
경북,구미시,일반보건지소,무을면,N
경북,구미시,일반보건지소,산동면,N
경북,구미시,보건진료소,선산읍,N
경북,구미시,보건진료소,산동면,N
경북,구미시,보건진료소,무을면,N
경북,구미시,일반보건지소,옥성면,N
경북,구미시,보건진료소,산동면,N
경북,구미시,일반보건지소,장천면,N
경북,구미시,일반보건지소,해평면,N
경북,군위군,보건소,군위읍,N
경북,군위군,보건진료소,효령면,N
경북,군위군,일반보건지소,고로면,N
경북,군위군,보건진료소,부계면,N
경북,군위군,보건진료소,우보면,N
경북,군위군,보건진료소,소보면,N
경북,군위군,일반보건지소,부계면,N
경북,군위군,일반보건지소,산성면,N
경북,군위군,보건진료소,산성면,N
경북,군위군,보건진료소,고로면,N
경북,군위군,일반보건지소,소보면,N
경북,군위군,보건진료소,의흥면,N
경북,군위군,보건진료소,효령면,N
경북,군위군,보건진료소,군위읍,N
경북,군위군,일반보건지소,우보면,N
경북,군위군,일반보건지소,의흥면,N
경북,군위군,보건진료소,효령면,N
경북,군위군,일반보건지소,효령면,N
경북,김천시,보건소,신음동,N
경북,김천시,일반보건지소,감문면,N
경북,김천시,일반보건지소,감천면,N
경북,김천시,일반보건지소,개령면,N
경북,김천시,일반보건지소,구성면,N
경북,김천시,보건진료소,감문면,N
경북,김천시,일반보건지소,남면,N
경북,김천시,일반보건지소,농소면,N
경북,김천시,보건진료소,어모면,N
경북,김천시,일반보건지소,대덕면,N
경북,김천시,보건진료소,대항면,N
경북,김천시,보건진료소,부항면,N
경북,김천시,일반보건지소,대항면,N
경북,김천시,보건진료소,감천면,N
경북,김천시,보건진료소,농소면,N
경북,김천시,건강생활지원센터,봉산면,N
경북,김천시,일반보건지소,부항면,N
경북,김천시,보건진료소,감문면,N
경북,김천시,보건진료소,조마면,N
경북,김천시,일반보건지소,아포읍,N
경북,김천시,일반보건지소,어모면,N
경북,김천시,보건진료소,대덕면,N
경북,김천시,보건진료소,남면,N
경북,김천시,보건진료소,지례면,N
경북,김천시,보건진료소,아포읍,N
경북,김천시,보건진료소,구성면,N
경북,김천시,보건진료소,증산면,N
경북,김천시,일반보건지소,조마면,N
경북,김천시,일반보건지소,남산동,N
경북,김천시,일반보건지소,증산면,N
경북,김천시,보건진료소,아포읍,N
경북,김천시,일반보건지소,지례면,N
경북,김천시,보건진료소,봉산면,N
경북,문경시,보건소,점촌동,N
경북,문경시,일반보건지소,가은읍,N
경북,문경시,보건진료소,문경읍,N
경북,문경시,보건진료소,농암면,N
경북,문경시,일반보건지소,농암면,N
경북,문경시,일반보건지소,동로면,N
경북,문경시,일반보건지소,마성면,N
경북,문경시,보건진료소,동로면,N
경북,문경시,일반보건지소,문경읍,N
경북,문경시,일반보건지소,산북면,N
경북,문경시,일반보건지소,산양면,N
경북,문경시,보건진료소,가은읍,N
경북,문경시,보건진료소,동로면,N
경북,문경시,일반보건지소,영순면,N
경북,문경시,보건진료소,영순면,N
경북,문경시,보건진료소,영순면,N
경북,문경시,보건진료소,산북면,N
경북,문경시,보건진료소,농암면,N
경북,문경시,보건진료소,호계면,N
경북,문경시,보건진료소,산북면,N
경북,문경시,보건진료소,마성면,N
경북,문경시,보건진료소,산양면,N
경북,문경시,일반보건지소,호계면,N
경북,봉화군,보건소,봉화읍,N
경북,봉화군,보건진료소,재산면,N
경북,봉화군,보건진료소,물야면,N
경북,봉화군,일반보건지소,명호면,N
경북,봉화군,보건진료소,상운면,N
경북,봉화군,일반보건지소,물야면,N
경북,봉화군,일반보건지소,법전면,N
경북,봉화군,일반보건지소,봉성면,N
경북,봉화군,보건진료소,소천면,N
경북,봉화군,보건진료소,명호면,N
경북,봉화군,일반보건지소,상운면,N
경북,봉화군,보건진료소,춘양면,N
경북,봉화군,일반보건지소,석포면,N
경북,봉화군,일반보건지소,소천면,N
경북,봉화군,보건진료소,소천면,N
경북,봉화군,일반보건지소,재산면,N
경북,봉화군,일반보건지소,춘양면,N
경북,상주시,보건소,무양동,N
경북,상주시,일반보건지소,공검면,N
경북,상주시,일반보건지소,공성면,N
경북,상주시,보건진료소,외남면,N
경북,상주시,일반보건지소,낙동면,N
경북,상주시,보건진료소,낙동면,N
경북,상주시,보건진료소,내서면,N
경북,상주시,일반보건지소,내서면,N
경북,상주시,보건진료소,사벌국면,N
경북,상주시,보건진료소,사벌국면,N
경북,상주시,일반보건지소,모동면,N
경북,상주시,일반보건지소,모서면,N
경북,상주시,보건진료소,은척면,N
경북,상주시,보건진료소,공성면,N
경북,상주시,일반보건지소,사벌국면,N
경북,상주시,보건진료소,화서면,N
경북,상주시,보건진료소,청리면,N
경북,상주시,보건진료소,사벌국면,N
경북,상주시,보건진료소,내서면,N
경북,상주시,보건진료소,외남면,N
경북,상주시,보건진료소,중동면,N
경북,상주시,보건진료소,낙동면,N
경북,상주시,보건진료소,모동면,N
경북,상주시,보건진료소,화동면,N
경북,상주시,일반보건지소,외남면,N
경북,상주시,일반보건지소,외서면,N
경북,상주시,보건진료소,함창읍,N
경북,상주시,보건진료소,공성면,N
경북,상주시,보건진료소,화북면,N
경북,상주시,보건진료소,외서면,N
경북,상주시,일반보건지소,은척면,N
경북,상주시,일반보건지소,이안면,N
경북,상주시,보건진료소,화북면,N
경북,상주시,보건진료소,모서면,N
경북,상주시,보건진료소,중덕동,N
경북,상주시,일반보건지소,중동면,N
경북,상주시,보건진료소,공검면,N
경북,상주시,일반보건지소,청리면,N
경북,상주시,일반보건지소,함창읍,N
경북,상주시,일반보건지소,화남면,N
경북,상주시,일반보건지소,화동면,N
경북,상주시,일반보건지소,화북면,N
경북,상주시,일반보건지소,화서면,N
경북,상주시,보건진료소,이안면,N
경북,성주군,보건소,성주읍,N
경북,성주군,일반보건지소,가천면,N
경북,성주군,일반보건지소,금수면,N
경북,성주군,보건진료소,수륜면,N
경북,성주군,일반보건지소,대가면,N
경북,성주군,보건진료소,월항면,N
경북,성주군,보건진료소,용암면,N
경북,성주군,보건진료소,선남면,N
경북,성주군,보건진료소,금수면,N
경북,성주군,보건진료소,선남면,N
경북,성주군,일반보건지소,벽진면,N
경북,성주군,보건진료소,벽진면,N
경북,성주군,일반보건지소,선남면,N
경북,성주군,보건진료소,초전면,N
경북,성주군,일반보건지소,수륜면,N
경북,성주군,보건진료소,초전면,N
경북,성주군,일반보건지소,용암면,N
경북,성주군,보건진료소,대가면,N
경북,성주군,일반보건지소,월항면,N
경북,성주군,보건진료소,월항면,N
경북,성주군,일반보건지소,초전면,N
경북,안동시,보건소,북문동,N
경북,안동시,보건진료소,풍천면,N
경북,안동시,보건진료소,남후면,N
경북,안동시,보건진료소,남후면,N
경북,안동시,보건진료소,예안면,N
경북,안동시,보건진료소,길안면,N
경북,안동시,보건진료소,일직면,N
경북,안동시,일반보건지소,길안면,N
경북,안동시,일반보건지소,남선면,N
경북,안동시,일반보건지소,남후면,N
경북,안동시,일반보건지소,녹전면,N
경북,안동시,일반보건지소,도산면,N
경북,안동시,보건진료소,풍산읍,N
경북,안동시,보건진료소,일직면,N
경북,안동시,일반보건지소,북후면,N
경북,안동시,보건진료소,녹전면,N
경북,안동시,보건진료소,예안면,N
경북,안동시,일반보건지소,서후면,N
경북,안동시,보건진료소,길안면,N
경북,안동시,보건진료소,풍천면,N
경북,안동시,보건진료소,풍산읍,N
경북,안동시,보건진료소,북후면,N
경북,안동시,보건진료소,풍천면,N
경북,안동시,보건진료소,북후면,N
경북,안동시,일반보건지소,예안면,N
경북,안동시,보건진료소,도산면,N
경북,안동시,일반보건지소,와룡면,N
경북,안동시,보건진료소,남선면,N
경북,안동시,보건진료소,녹전면,N
경북,안동시,보건진료소,임동면,N
경북,안동시,보건진료소,서후면,N
경북,안동시,보건진료소,서후면,N
경북,안동시,보건진료소,와룡면,N
경북,안동시,일반보건지소,일직면,N
경북,안동시,일반보건지소,임동면,N
경북,안동시,일반보건지소,임하면,N
경북,안동시,일반보건지소,풍산읍,N
경북,안동시,일반보건지소,풍천면,N
경북,안동시,보건진료소,풍천면,N
경북,안동시,보건진료소,풍산읍,N
경북,영덕군,보건소,영덕읍,N
경북,영덕군,일반보건지소,강구면,N
경북,영덕군,보건진료소,병곡면,N
경북,영덕군,일반보건지소,남정면,N
경북,영덕군,일반보건지소,달산면,N
경북,영덕군,보건진료소,남정면,N
경북,영덕군,일반보건지소,병곡면,N
경북,영덕군,보건진료소,영해면,N
경북,영덕군,보건진료소,축산면,N
경북,영덕군,보건진료소,창수면,N
경북,영덕군,일반보건지소,영해면,N
경북,영덕군,보건진료소,영덕읍,N
경북,영덕군,보건진료소,창수면,N
경북,영덕군,보건진료소,달산면,N
경북,영덕군,보건진료소,달산면,N
경북,영덕군,보건진료소,지품면,N
경북,영덕군,보건진료소,강구면,N
경북,영덕군,보건진료소,병곡면,N
경북,영덕군,일반보건지소,지품면,N
경북,영덕군,일반보건지소,창수면,N
경북,영덕군,보건진료소,영덕읍,N
경북,영덕군,일반보건지소,축산면,N
경북,영양군,보건소,영양읍,N
경북,영양군,보건진료소,청기면,N
경북,영양군,보건진료소,입암면,N
경북,영양군,보건진료소,영양읍,N
경북,영양군,보건진료소,청기면,N
경북,영양군,일반보건지소,석보면,N
경북,영양군,보건진료소,수비면,N
경북,영양군,일반보건지소,수비면,N
경북,영양군,보건진료소,수비면,N
경북,영양군,보건진료소,일월면,N
경북,영양군,일반보건지소,일월면,N
경북,영양군,일반보건지소,입암면,N
경북,영양군,일반보건지소,청기면,N
경북,영양군,보건진료소,석보면,N
경북,영주시,보건소,휴천동,N
경북,영주시,보건진료소,단산면,N
경북,영주시,보건진료소,봉현면,N
경북,영주시,일반보건지소,단산면,N
경북,영주시,보건진료소,장수면,N
경북,영주시,일반보건지소,문수면,N
경북,영주시,보건진료소,순흥면,N
경북,영주시,일반보건지소,봉현면,N
경북,영주시,일반보건지소,부석면,N
경북,영주시,보건진료소,부석면,N
경북,영주시,보건진료소,장수면,N
경북,영주시,보건진료소,장수면,N
경북,영주시,일반보건지소,순흥면,N
경북,영주시,일반보건지소,안정면,N
경북,영주시,보건진료소,안정면,N
경북,영주시,보건진료소,안정면,N
경북,영주시,보건진료소,평은면,N
경북,영주시,보건진료소,이산면,N
경북,영주시,일반보건지소,이산면,N
경북,영주시,보건진료소,부석면,N
경북,영주시,일반보건지소,장수면,N
경북,영주시,보건진료소,문수면,N
경북,영주시,일반보건지소,평은면,N
경북,영주시,일반보건지소,풍기읍,N
경북,영천시,보건소,문내동,N
경북,영천시,일반보건지소,고경면,N
경북,영천시,일반보건지소,금호읍,N
경북,영천시,일반보건지소,대창면,N
경북,영천시,보건진료소,북안면,N
경북,영천시,보건진료소,자양면,N
경북,영천시,보건진료소,신녕면,N
경북,영천시,일반보건지소,북안면,N
경북,영천시,보건진료소,임고면,N
경북,영천시,보건진료소,고경면,N
경북,영천시,보건진료소,화북면,N
경북,영천시,일반보건지소,신녕면,N
경북,영천시,보건진료소,화남면,N
경북,영천시,보건진료소,화산면,N
경북,영천시,보건진료소,청통면,N
경북,영천시,보건진료소,대창면,N
경북,영천시,일반보건지소,임고면,N
경북,영천시,일반보건지소,자양면,N
경북,영천시,일반보건지소,청통면,N
경북,영천시,보건진료소,고경면,N
경북,영천시,보건진료소,임고면,N
경북,영천시,보건진료소,금호읍,N
경북,영천시,일반보건지소,화남면,N
경북,영천시,일반보건지소,화북면,N
경북,영천시,일반보건지소,화산면,N
경북,예천군,보건소,예천읍,N
경북,예천군,일반보건지소,감천면,N
경북,예천군,일반보건지소,개포면,N
경북,예천군,보건진료소,개포면,N
경북,예천군,보건진료소,용궁면,N
경북,예천군,보건진료소,용문면,N
경북,예천군,보건진료소,용궁면,N
경북,예천군,보건진료소,보문면,N
경북,예천군,일반보건지소,보문면,N
경북,예천군,보건진료소,은풍면,N
경북,예천군,보건진료소,지보면,N
경북,예천군,보건진료소,효자면,N
경북,예천군,보건진료소,호명면,N
경북,예천군,보건진료소,보문면,N
경북,예천군,일반보건지소,용궁면,N
경북,예천군,일반보건지소,용문면,N
경북,예천군,보건진료소,풍양면,N
경북,예천군,보건진료소,용문면,N
경북,예천군,일반보건지소,유천면,N
경북,예천군,보건진료소,유천면,N
경북,예천군,일반보건지소,지보면,N
경북,예천군,보건진료소,지보면,N
경북,예천군,보건진료소,감천면,N
경북,예천군,보건진료소,풍양면,N
경북,예천군,일반보건지소,풍양면,N
경북,예천군,일반보건지소,호명면,N
경북,예천군,통합보건지소,은풍면,N
경북,울릉군,보건의료원,울릉읍,Y
경북,울릉군,일반보건지소,북면,Y
경북,울릉군,일반보건지소,서면,Y
경북,울릉군,보건진료소,울릉읍,Y
경북,울릉군,보건진료소,서면,Y
경북,울릉군,보건진료소,북면,Y
경북,울진군,보건소,울진읍,N
경북,울진군,보건진료소,매화면,N
경북,울진군,보건진료소,금강송면,N
경북,울진군,보건진료소,기성면,N
경북,울진군,일반보건지소,근남면,N
경북,울진군,일반보건지소,금강송면,N
경북,울진군,일반보건지소,기성면,N
경북,울진군,보건진료소,기성면,N
경북,울진군,보건진료소,온정면,N
경북,울진군,일반보건지소,매화면,N
경북,울진군,일반보건지소,북면,N
경북,울진군,보건진료소,기성면,N
경북,울진군,보건진료소,온정면,N
경북,울진군,보건진료소,북면,N
경북,울진군,보건진료소,울진읍,N
경북,울진군,보건진료소,평해읍,N
경북,울진군,보건진료소,매화면,N
경북,울진군,일반보건지소,온정면,N
경북,울진군,보건진료소,금강송면,N
경북,울진군,일반보건지소,죽변면,N
경북,울진군,보건진료소,평해읍,N
경북,울진군,보건진료소,근남면,N
경북,울진군,일반보건지소,평해읍,N
경북,울진군,보건진료소,북면,N
경북,울진군,일반보건지소,후포면,N
경북,울진군,보건진료소,후포면,N
경북,의성군,보건소,의성읍,N
경북,의성군,일반보건지소,가음면,N
경북,의성군,보건진료소,단촌면,N
경북,의성군,보건진료소,점곡면,N
경북,의성군,일반보건지소,구천면,N
경북,의성군,일반보건지소,금성면,N
경북,의성군,보건진료소,춘산면,N
경북,의성군,일반보건지소,다인면,N
경북,의성군,일반보건지소,다인면,N
경북,의성군,일반보건지소,다인면,N
경북,의성군,일반보건지소,단촌면,N
경북,의성군,보건진료소,단촌면,N
경북,의성군,보건진료소,비안면,N
경북,의성군,보건진료소,사곡면,N
경북,의성군,일반보건지소,봉양면,N
경북,의성군,일반보건지소,비안면,N
경북,의성군,일반보건지소,사곡면,N
경북,의성군,보건진료소,비안면,N
경북,의성군,보건진료소,단밀면,N
경북,의성군,보건진료소,단북면,N
경북,의성군,보건진료소,구천면,N
경북,의성군,보건진료소,가음면,N
경북,의성군,일반보건지소,신평면,N
경북,의성군,보건진료소,옥산면,N
경북,의성군,일반보건지소,안계면,N
경북,의성군,일반보건지소,안사면,N
경북,의성군,일반보건지소,안평면,N
경북,의성군,보건진료소,다인면,N
경북,의성군,일반보건지소,옥산면,N
경북,의성군,보건진료소,금성면,N
경북,의성군,보건진료소,안사면,N
경북,의성군,보건진료소,사곡면,N
경북,의성군,보건진료소,봉양면,N
경북,의성군,보건진료소,옥산면,N
경북,의성군,일반보건지소,점곡면,N
경북,의성군,보건진료소,신평면,N
경북,의성군,일반보건지소,춘산면,N
경북,의성군,보건진료소,안평면,N
경북,의성군,보건진료소,춘산면,N
경북,청도군,보건소,화양읍,N
경북,청도군,일반보건지소,각남면,N
경북,청도군,일반보건지소,각북면,N
경북,청도군,보건진료소,매전면,N
경북,청도군,보건진료소,풍각면,N
경북,청도군,일반보건지소,금천면,N
경북,청도군,보건진료소,각북면,N
경북,청도군,일반보건지소,매전면,N
경북,청도군,보건진료소,금천면,N
경북,청도군,보건진료소,운문면,N
경북,청도군,보건진료소,화양읍,N
경북,청도군,보건진료소,이서면,N
경북,청도군,보건진료소,각남면,N
경북,청도군,일반보건지소,운문면,N
경북,청도군,보건진료소,청도읍,N
경북,청도군,일반보건지소,이서면,N
경북,청도군,보건진료소,매전면,N
경북,청도군,일반보건지소,풍각면,N
경북,청도군,일반보건지소,화양읍,N
경북,청송군,보건의료원,청송읍,N
경북,청송군,보건진료소,청송읍,N
경북,청송군,보건진료소,파천면,N
경북,청송군,보건진료소,부남면,N
경북,청송군,보건진료소,주왕산면,N
경북,청송군,일반보건지소,부남면,N
경북,청송군,보건진료소,안덕면,N
경북,청송군,보건진료소,파천면,N
경북,청송군,보건진료소,주왕산면,N
경북,청송군,보건진료소,진보면,N
경북,청송군,일반보건지소,안덕면,N
경북,청송군,보건진료소,현서면,N
경북,청송군,일반보건지소,주왕산면,N
경북,청송군,보건진료소,파천면,N
경북,청송군,보건진료소,안덕면,N
경북,청송군,일반보건지소,진보면,N
경북,청송군,일반보건지소,현동면,N
경북,청송군,일반보건지소,현서면,N
경북,칠곡군,보건소,왜관읍,N
경북,칠곡군,일반보건지소,가산면,N
경북,칠곡군,보건진료소,지천면,N
경북,칠곡군,일반보건지소,기산면,N
경북,칠곡군,보건진료소,가산면,N
경북,칠곡군,보건진료소,지천면,N
경북,칠곡군,일반보건지소,동명면,N
경북,칠곡군,보건진료소,동명면,N
경북,칠곡군,보건진료소,석적읍,N
경북,칠곡군,보건진료소,북삼읍,N
경북,칠곡군,보건진료소,기산면,N
경북,칠곡군,일반보건지소,북삼읍,N
경북,칠곡군,일반보건지소,석적읍,N
경북,칠곡군,일반보건지소,약목면,N
경북,칠곡군,보건진료소,가산면,N
경북,칠곡군,일반보건지소,지천면,N
경북,칠곡군,보건진료소,석적읍,N
경북,칠곡군,보건진료소,가산면,N
경북,포항시,보건소,인덕동,N
경북,포항시,일반보건지소,구룡포읍,N
경북,포항시,보건진료소,구룡포읍,N
경북,포항시,보건진료소,동해면,N
경북,포항시,보건진료소,호미곶면,N
경북,포항시,일반보건지소,대송면,N
경북,포항시,일반보건지소,동해면,N
경북,포항시,보건진료소,장기면,N
경북,포항시,보건진료소,장기면,N
경북,포항시,보건진료소,장기면,N
경북,포항시,일반보건지소,연일읍,N
경북,포항시,일반보건지소,오천읍,N
경북,포항시,보건진료소,오천읍,N
경북,포항시,일반보건지소,장기면,N
경북,포항시,보건진료소,대송면,N
경북,포항시,보건진료소,연일읍,N
경북,포항시,일반보건지소,호미곶면,N
경북,포항시,보건진료소,동해면,N
경북,포항시,보건소,장성동,N
경북,포항시,보건진료소,기계면,N
경북,포항시,일반보건지소,기계면,N
경북,포항시,일반보건지소,기북면,N
경북,포항시,보건진료소,신광면,N
경북,포항시,보건진료소,죽장면,N
경북,포항시,보건진료소,신광면,N
경북,포항시,보건진료소,송라면,N
경북,포항시,보건진료소,죽장면,N
경북,포항시,보건진료소,송라면,N
경북,포항시,보건진료소,죽장면,N
경북,포항시,일반보건지소,송라면,N
경북,포항시,일반보건지소,신광면,N
경북,포항시,보건진료소,흥해읍,N
경북,포항시,보건진료소,청하면,N
경북,포항시,보건진료소,송라면,N
경북,포항시,일반보건지소,죽장면,N
경북,포항시,일반보건지소,청하면,N
경북,포항시,보건진료소,죽장면,N
경북,포항시,일반보건지소,흥해읍,N
경남,거제시,보건소,양정동,N
경남,거제시,보건진료소,동부면,N
경남,거제시,보건진료소,사등면,N
경남,거제시,일반보건지소,거제면,N
경남,거제시,보건진료소,장목면,N
경남,거제시,보건진료소,일운면,N
경남,거제시,일반보건지소,남부면,N
경남,거제시,보건진료소,하청면,N
경남,거제시,일반보건지소,동부면,N
경남,거제시,일반보건지소,둔덕면,N
경남,거제시,보건진료소,일운면,N
경남,거제시,보건진료소,연초면,N
경남,거제시,일반보건지소,사등면,N
경남,거제시,보건진료소,거제면,Y
경남,거제시,일반보건지소,연초면,N
경남,거제시,보건진료소,장목면,N
경남,거제시,일반보건지소,일운면,N
경남,거제시,일반보건지소,장목면,N
경남,거제시,일반보건지소,하청면,N
경남,거제시,일반보건지소,하청면,N
경남,거제시,보건진료소,동부면,N
경남,거제시,보건진료소,연초면,N
경남,거제시,보건진료소,둔덕면,Y
경남,거창군,보건소,거창읍,N
경남,거창군,일반보건지소,가북면,N
경남,거창군,일반보건지소,가조면,N
경남,거창군,보건진료소,웅양면,N
경남,거창군,보건진료소,고제면,N
경남,거창군,보건진료소,주상면,N
경남,거창군,일반보건지소,고제면,N
경남,거창군,보건진료소,마리면,N
경남,거창군,일반보건지소,남상면,N
경남,거창군,일반보건지소,남하면,N
경남,거창군,보건진료소,신원면,N
경남,거창군,보건진료소,가조면,N
경남,거창군,일반보건지소,마리면,N
경남,거창군,보건진료소,위천면,N
경남,거창군,보건진료소,고제면,N
경남,거창군,일반보건지소,북상면,N
경남,거창군,보건진료소,북상면,N
경남,거창군,일반보건지소,신원면,N
경남,거창군,보건진료소,신원면,N
경남,거창군,보건진료소,가북면,N
경남,거창군,일반보건지소,웅양면,N
경남,거창군,보건진료소,북상면,N
경남,거창군,일반보건지소,위천면,N
경남,거창군,보건진료소,마리면,N
경남,거창군,보건진료소,남상면,N
경남,거창군,일반보건지소,주상면,N
경남,거창군,보건진료소,가북면,N
경남,거창군,보건진료소,남하면,N
경남,거창군,보건진료소,남상면,N
경남,거창군,보건진료소,웅양면,N
경남,고성군,보건소,고성읍,N
경남,고성군,일반보건지소,거류면,N
경남,고성군,일반보건지소,고성읍,N
경남,고성군,일반보건지소,구만면,N
경남,고성군,일반보건지소,대가면,N
경남,고성군,보건진료소,하이면,N
경남,고성군,일반보건지소,동해면,N
경남,고성군,일반보건지소,마암면,N
경남,고성군,보건진료소,동해면,N
경남,고성군,보건진료소,영현면,N
경남,고성군,보건진료소,하이면,N
경남,고성군,보건진료소,삼산면,N
경남,고성군,일반보건지소,삼산면,N
경남,고성군,일반보건지소,상리면,N
경남,고성군,보건진료소,대가면,N
경남,고성군,보건진료소,하일면,N
경남,고성군,보건진료소,마암면,N
경남,고성군,보건진료소,회화면,N
경남,고성군,보건진료소,대가면,N
경남,고성군,통합보건지소,영오면,N
경남,고성군,일반보건지소,영현면,N
경남,고성군,보건진료소,동해면,N
경남,고성군,보건진료소,개천면,N
경남,고성군,일반보건지소,하이면,N
경남,고성군,일반보건지소,하일면,N
경남,고성군,일반보건지소,회화면,N
경남,김해시,보건소,외동,N
경남,김해시,일반보건지소,대동면,N
경남,김해시,보건진료소,생림면,N
경남,김해시,일반보건지소,삼방동,N
경남,김해시,일반보건지소,상동면,N
경남,김해시,일반보건지소,생림면,N
경남,김해시,일반보건지소,부곡동,N
경남,김해시,건강생활지원센터,주촌면,N
경남,김해시,일반보건지소,진례면,N
경남,김해시,일반보건지소,진영읍,N
경남,김해시,일반보건지소,한림면,N
경남,남해군,보건소,남해읍,N
경남,남해군,보건진료소,미조면,N
경남,남해군,보건진료소,창선면,N
경남,남해군,일반보건지소,고현면,N
경남,남해군,보건진료소,창선면,N
경남,남해군,일반보건지소,남면,N
경남,남해군,보건진료소,서면,N
경남,남해군,보건진료소,설천면,N
경남,남해군,보건진료소,창선면,N
경남,남해군,보건진료소,남면,N
경남,남해군,보건진료소,삼동면,N
경남,남해군,일반보건지소,미조면,N
경남,남해군,일반보건지소,삼동면,N
경남,남해군,일반보건지소,상주면,N
경남,남해군,일반보건지소,서면,N
경남,남해군,보건진료소,남면,N
경남,남해군,일반보건지소,설천면,N
경남,남해군,보건진료소,삼동면,N
경남,남해군,보건진료소,창선면,N
경남,남해군,보건진료소,창선면,N
경남,남해군,일반보건지소,이동면,N
경남,남해군,보건진료소,창선면,N
경남,남해군,보건진료소,서면,N
경남,남해군,일반보건지소,창선면,N
경남,남해군,보건진료소,남면,N
경남,밀양시,보건소,삼문동,N
경남,밀양시,보건진료소,부북면,N
경남,밀양시,보건진료소,상동면,N
경남,밀양시,보건진료소,산내면,N
경남,밀양시,보건진료소,하남읍,N
경남,밀양시,보건진료소,무안면,N
경남,밀양시,일반보건지소,단장면,N
경남,밀양시,보건진료소,청도면,N
경남,밀양시,보건진료소,상남면,N
경남,밀양시,일반보건지소,무안면,N
경남,밀양시,보건진료소,삼랑진읍,N
경남,밀양시,보건진료소,하남읍,N
경남,밀양시,보건진료소,단장면,N
경남,밀양시,보건진료소,초동면,N
경남,밀양시,일반보건지소,산내면,N
경남,밀양시,일반보건지소,산외면,N
경남,밀양시,일반보건지소,삼랑진읍,N
경남,밀양시,일반보건지소,상남면,N
경남,밀양시,보건진료소,단장면,N
경남,밀양시,보건진료소,삼랑진읍,N
경남,밀양시,보건진료소,무안면,N
경남,밀양시,보건진료소,초동면,N
경남,밀양시,일반보건지소,청도면,N
경남,밀양시,일반보건지소,초동면,N
경남,밀양시,일반보건지소,하남읍,N
경남,사천시,보건소,용현면,N
경남,사천시,보건진료소,사남면,N
경남,사천시,보건진료소,곤양면,N
경남,사천시,일반보건지소,곤명면,N
경남,사천시,일반보건지소,곤양면,N
경남,사천시,보건진료소,서포면,N
경남,사천시,보건진료소,축동면,N
경남,사천시,보건진료소,곤양면,N
경남,사천시,보건진료소,곤명면,N
경남,사천시,보건진료소,사천읍,N
경남,사천시,보건진료소,서포면,N
경남,사천시,일반보건지소,사남면,N
경남,사천시,일반보건지소,사천읍,N
경남,사천시,건강생활지원센터,동금동,N
경남,사천시,일반보건지소,동금동,N
경남,사천시,일반보건지소,서포면,N
경남,사천시,보건진료소,정동면,N
경남,사천시,보건진료소,신수동,Y
경남,사천시,보건진료소,곤명면,N
경남,사천시,일반보건지소,정동면,N
경남,사천시,보건진료소,용현면,N
경남,산청군,보건의료원,산청읍,N
경남,산청군,보건진료소,생비량면,N
경남,산청군,보건진료소,생초면,N
경남,산청군,일반보건지소,금서면,N
경남,산청군,보건진료소,시천면,N
경남,산청군,일반보건지소,단성면,N
경남,산청군,통합보건지소,삼장면,N
경남,산청군,보건진료소,차황면,N
경남,산청군,보건진료소,신안면,N
경남,산청군,보건진료소,신등면,N
경남,산청군,보건진료소,차황면,N
경남,산청군,일반보건지소,생비량면,N
경남,산청군,일반보건지소,생초면,N
경남,산청군,보건진료소,단성면,N
경남,산청군,보건진료소,단성면,N
경남,산청군,일반보건지소,신등면,N
경남,산청군,일반보건지소,신안면,N
경남,산청군,보건진료소,신안면,N
경남,산청군,일반보건지소,오부면,N
경남,산청군,보건진료소,오부면,N
경남,산청군,보건진료소,단성면,N
경남,산청군,보건진료소,시천면,N
경남,산청군,일반보건지소,차황면,N
경남,산청군,보건진료소,삼장면,N
경남,산청군,보건진료소,금서면,N
경남,양산시,보건소,중부동,N
경남,양산시,일반보건지소,동면,N
경남,양산시,일반보건지소,물금읍,N
경남,양산시,일반보건지소,상북면,N
경남,양산시,보건진료소,원동면,N
경남,양산시,일반보건지소,삼호동,N
경남,양산시,일반보건지소,원동면,N
경남,양산시,일반보건지소,하북면,N
경남,양산시,보건진료소,원동면,N
경남,의령군,보건소,의령읍,N
경남,의령군,일반보건지소,궁류면,N
경남,의령군,일반보건지소,낙서면,N
경남,의령군,일반보건지소,대의면,N
경남,의령군,보건진료소,정곡면,N
경남,의령군,일반보건지소,봉수면,N
경남,의령군,일반보건지소,부림면,N
경남,의령군,보건진료소,봉수면,N
경남,의령군,보건진료소,지정면,N
경남,의령군,보건진료소,유곡면,N
경남,의령군,보건진료소,용덕면,N
경남,의령군,보건진료소,가례면,N
경남,의령군,보건진료소,낙서면,N
경남,의령군,일반보건지소,용덕면,N
경남,의령군,일반보건지소,유곡면,N
경남,의령군,일반보건지소,정곡면,N
경남,의령군,보건진료소,대의면,N
경남,의령군,일반보건지소,지정면,N
경남,의령군,일반보건지소,칠곡면,N
경남,의령군,보건진료소,궁류면,N
경남,의령군,보건진료소,화정면,N
경남,의령군,일반보건지소,화정면,N
경남,진주시,보건소,초전동,N
경남,진주시,보건진료소,문산읍,N
경남,진주시,보건진료소,금산면,N
경남,진주시,일반보건지소,금곡면,N
경남,진주시,일반보건지소,대곡면,N
경남,진주시,보건진료소,이반성면,N
경남,진주시,보건진료소,진성면,N
경남,진주시,보건진료소,집현면,N
경남,진주시,일반보건지소,대평면,N
경남,진주시,보건진료소,명석면,N
경남,진주시,보건진료소,대곡면,N
경남,진주시,일반보건지소,문산읍,N
경남,진주시,일반보건지소,미천면,N
경남,진주시,보건진료소,사봉면,N
경남,진주시,일반보건지소,사봉면,N
경남,진주시,보건진료소,정촌면,N
경남,진주시,일반보건지소,수곡면,N
경남,진주시,보건진료소,명석면,N
경남,진주시,일반보건지소,이반성면,N
경남,진주시,일반보건지소,일반성면,N
경남,진주시,보건진료소,내동면,N
경남,진주시,보건진료소,이반성면,N
경남,진주시,일반보건지소,지수면,N
경남,진주시,일반보건지소,진성면,N
경남,진주시,보건진료소,미천면,N
경남,창녕군,보건소,창녕읍,N
경남,창녕군,일반보건지소,계성면,N
경남,창녕군,보건진료소,남지읍,N
경남,창녕군,일반보건지소,고암면,N
경남,창녕군,보건진료소,계성면,N
경남,창녕군,보건진료소,유어면,N
경남,창녕군,보건진료소,부곡면,N
경남,창녕군,일반보건지소,길곡면,N
경남,창녕군,일반보건지소,남지읍,N
경남,창녕군,보건진료소,도천면,N
경남,창녕군,보건진료소,성산면,N
경남,창녕군,일반보건지소,대지면,N
경남,창녕군,일반보건지소,대합면,N
경남,창녕군,일반보건지소,도천면,N
경남,창녕군,보건진료소,장마면,N
경남,창녕군,보건진료소,이방면,N
경남,창녕군,보건진료소,남지읍,N
경남,창녕군,보건진료소,성산면,N
경남,창녕군,일반보건지소,부곡면,N
경남,창녕군,보건진료소,성산면,N
경남,창녕군,일반보건지소,성산면,N
경남,창녕군,보건진료소,고암면,N
경남,창녕군,일반보건지소,영산면,N
경남,창녕군,보건진료소,길곡면,N
경남,창녕군,보건진료소,창녕읍,N
경남,창녕군,보건진료소,대지면,N
경남,창녕군,보건진료소,영산면,N
경남,창녕군,보건진료소,대합면,N
경남,창녕군,일반보건지소,유어면,N
경남,창녕군,일반보건지소,이방면,N
경남,창녕군,일반보건지소,장마면,N
경남,창녕군,보건진료소,유어면,N
경남,창녕군,보건진료소,대지면,N
경남,창원시,보건소,해운동,N
경남,창원시,일반보건지소,구산면,N
경남,창원시,일반보건지소,내서읍,N
경남,창원시,일반보건지소,구암동,N
경남,창원시,보건진료소,구산면,N
경남,창원시,보건진료소,진전면,N
경남,창원시,보건진료소,진전면,N
경남,창원시,일반보건지소,진동면,N
경남,창원시,일반보건지소,진북면,N
경남,창원시,일반보건지소,진전면,N
경남,창원시,보건소,풍호동,N
경남,창원시,보건진료소,수도동,N
경남,창원시,일반보건지소,중앙동,N
경남,창원시,보건소,신월동,N
경남,창원시,일반보건지소,대산면,N
경남,창원시,일반보건지소,동읍,N
경남,창원시,보건진료소,북면,N
경남,창원시,보건진료소,동읍,N
경남,창원시,일반보건지소,북면,N
경남,통영시,보건소,무전동,N
경남,통영시,보건진료소,산양읍,Y
경남,통영시,보건진료소,욕지면,Y
경남,통영시,보건진료소,욕지면,Y
경남,통영시,보건진료소,한산면,Y
경남,통영시,보건진료소,한산면,Y
경남,통영시,보건진료소,한산면,Y
경남,통영시,일반보건지소,사량면,Y
경남,통영시,보건진료소,도산면,N
경남,통영시,보건진료소,광도면,N
경남,통영시,보건진료소,사량면,Y
경남,통영시,보건진료소,욕지면,Y
경남,통영시,보건진료소,한산면,Y
경남,통영시,일반보건지소,욕지면,Y
경남,통영시,보건진료소,광도면,N
경남,통영시,보건진료소,용남면,Y
경남,통영시,보건진료소,산양읍,Y
경남,통영시,보건진료소,한산면,Y
경남,통영시,보건진료소,산양읍,N
경남,통영시,보건진료소,산양읍,Y
경남,통영시,일반보건지소,한산면,Y
경남,통영시,보건진료소,한산면,Y
경남,하동군,보건소,하동읍,N
경남,하동군,보건진료소,진교면,N
경남,하동군,일반보건지소,고전면,N
경남,하동군,보건진료소,고전면,N
경남,하동군,일반보건지소,금남면,N
경남,하동군,일반보건지소,금성면,N
경남,하동군,보건진료소,횡천면,N
경남,하동군,보건진료소,금남면,N
경남,하동군,보건진료소,악양면,N
경남,하동군,보건진료소,청암면,N
경남,하동군,보건진료소,북천면,N
경남,하동군,보건진료소,화개면,N
경남,하동군,보건진료소,화개면,N
경남,하동군,보건진료소,옥종면,N
경남,하동군,일반보건지소,북천면,N
경남,하동군,보건진료소,적량면,N
경남,하동군,보건진료소,고전면,N
경남,하동군,일반보건지소,악양면,N
경남,하동군,일반보건지소,양보면,N
경남,하동군,일반보건지소,옥종면,N
경남,하동군,보건진료소,적량면,N
경남,하동군,보건진료소,양보면,N
경남,하동군,보건진료소,옥종면,N
경남,하동군,일반보건지소,적량면,N
경남,하동군,보건진료소,횡천면,N
경남,하동군,보건진료소,금남면,N
경남,하동군,일반보건지소,진교면,N
경남,하동군,일반보건지소,청암면,N
경남,하동군,일반보건지소,화개면,N
경남,하동군,보건진료소,북천면,N
경남,하동군,일반보건지소,횡천면,N
경남,함안군,보건소,가야읍,N
경남,함안군,일반보건지소,군북면,N
경남,함안군,일반보건지소,대산면,N
경남,함안군,보건진료소,산인면,N
경남,함안군,보건진료소,법수면,N
경남,함안군,일반보건지소,법수면,N
경남,함안군,보건진료소,대산면,N
경남,함안군,보건진료소,여항면,N
경남,함안군,보건진료소,군북면,N
경남,함안군,보건진료소,칠북면,N
경남,함안군,보건진료소,칠서면,N
경남,함안군,보건진료소,대산면,N
경남,함안군,보건진료소,칠서면,N
경남,함안군,일반보건지소,칠북면,N
경남,함안군,건강생활지원센터,칠원읍,N
경남,함안군,일반보건지소,함안면,N
경남,함양군,보건소,함양읍,N
경남,함양군,보건진료소,안의면,N
경남,함양군,일반보건지소,마천면,N
경남,함양군,보건진료소,병곡면,N
경남,함양군,보건진료소,백전면,N
경남,함양군,일반보건지소,백전면,N
경남,함양군,일반보건지소,병곡면,N
경남,함양군,보건진료소,서상면,N
경남,함양군,일반보건지소,서상면,N
경남,함양군,일반보건지소,서하면,N
경남,함양군,일반보건지소,수동면,N
경남,함양군,보건진료소,마천면,N
경남,함양군,일반보건지소,안의면,N
경남,함양군,보건진료소,휴천면,N
경남,함양군,보건진료소,안의면,N
경남,함양군,보건진료소,서하면,N
경남,함양군,일반보건지소,유림면,N
경남,함양군,보건진료소,수동면,N
경남,함양군,일반보건지소,지곡면,N
경남,함양군,보건진료소,마천면,N
경남,함양군,보건진료소,함양읍,N
경남,함양군,일반보건지소,휴천면,N
경남,합천군,보건소,합천읍,N
경남,합천군,일반보건지소,가야면,N
경남,합천군,일반보건지소,가회면,N
경남,합천군,보건진료소,청덕면,N
경남,합천군,보건진료소,가회면,N
경남,합천군,보건진료소,덕곡면,N
경남,합천군,일반보건지소,대병면,N
경남,합천군,일반보건지소,대양면,N
경남,합천군,일반보건지소,덕곡면,N
경남,합천군,보건진료소,삼가면,N
경남,합천군,일반보건지소,묘산면,N
경남,합천군,보건진료소,대양면,N
경남,합천군,보건진료소,대병면,N
경남,합천군,일반보건지소,봉산면,N
경남,합천군,일반보건지소,야로면,N
경남,합천군,일반보건지소,삼가면,N
경남,합천군,보건진료소,청덕면,N
경남,합천군,보건진료소,가야면,N
경남,합천군,일반보건지소,쌍백면,N
경남,합천군,일반보건지소,쌍책면,N
경남,합천군,보건진료소,봉산면,N
경남,합천군,보건진료소,율곡면,N
경남,합천군,일반보건지소,용주면,N
경남,합천군,일반보건지소,율곡면,N
경남,합천군,보건진료소,쌍책면,N
경남,합천군,보건진료소,대병면,N
경남,합천군,보건진료소,합천읍,N
경남,합천군,일반보건지소,적중면,N
경남,합천군,일반보건지소,청덕면,N
경남,합천군,일반보건지소,초계면,N
경남,합천군,보건진료소,쌍백면,N
경남,합천군,보건진료소,초계면,N
제주,서귀포시,보건소,남원읍,N
제주,서귀포시,보건진료소,표선면,N
제주,서귀포시,보건진료소,성산읍,N
제주,서귀포시,보건진료소,성산읍,N
제주,서귀포시,일반보건지소,성산읍,N
제주,서귀포시,보건진료소,표선면,N
제주,서귀포시,보건진료소,표선면,N
제주,서귀포시,보건진료소,성산읍,N
제주,서귀포시,보건진료소,남원읍,N
제주,서귀포시,보건진료소,성산읍,N
제주,서귀포시,보건진료소,성산읍,N
제주,서귀포시,보건진료소,남원읍,N
제주,서귀포시,보건진료소,남원읍,N
제주,서귀포시,보건진료소,표선면,N
제주,서귀포시,일반보건지소,표선면,N
제주,서귀포시,보건진료소,남원읍,N
제주,서귀포시,보건소,서홍동,N
제주,서귀포시,일반보건지소,강정동,N
제주,서귀포시,일반보건지소,중문동,N
제주,서귀포시,보건소,대정읍,N
제주,서귀포시,보건진료소,대정읍,Y
제주,서귀포시,보건진료소,대정읍,N
제주,서귀포시,보건진료소,대정읍,Y
제주,서귀포시,보건진료소,대정읍,N
제주,서귀포시,보건진료소,안덕면,N
제주,서귀포시,보건진료소,안덕면,N
제주,서귀포시,보건진료소,안덕면,N
제주,서귀포시,보건진료소,안덕면,N
제주,서귀포시,보건진료소,대정읍,N
제주,서귀포시,보건진료소,대정읍,N
제주,서귀포시,보건진료소,안덕면,N
제주,서귀포시,일반보건지소,안덕면,N
제주,제주시,보건소,구좌읍,N
제주,제주시,보건진료소,조천읍,N
제주,제주시,일반보건지소,구좌읍,N
제주,제주시,보건진료소,조천읍,N
제주,제주시,보건진료소,구좌읍,N
제주,제주시,보건진료소,조천읍,N
제주,제주시,보건진료소,조천읍,N
제주,제주시,보건진료소,구좌읍,N
제주,제주시,일반보건지소,우도면,Y
제주,제주시,일반보건지소,조천읍,N
제주,제주시,보건진료소,구좌읍,N
제주,제주시,보건소,한림읍,N
제주,제주시,보건진료소,애월읍,N
제주,제주시,보건진료소,애월읍,N
제주,제주시,보건진료소,한림읍,N
제주,제주시,보건진료소,애월읍,N
제주,제주시,보건진료소,애월읍,N
제주,제주시,보건진료소,한림읍,Y
제주,제주시,보건진료소,한경면,N
제주,제주시,보건진료소,애월읍,N
제주,제주시,보건진료소,한림읍,N
제주,제주시,일반보건지소,애월읍,N
제주,제주시,보건진료소,한경면,N
제주,제주시,보건진료소,애월읍,N
제주,제주시,보건진료소,애월읍,N
제주,제주시,보건진료소,한경면,N
제주,제주시,보건진료소,한경면,N
제주,제주시,보건진료소,한경면,N
제주,제주시,일반보건지소,한경면,N
제주,제주시,보건소,도남동,N
제주,제주시,건강생활지원센터,노형동,N
제주,제주시,일반보건지소,추자면,Y
제주,제주시,보건진료소,추자면,Y
제주,제주시,건강생활지원센터,화북일동,N
세종,세종특별자치시,건강생활지원센터,고운동,N
